timestamp,aptos,arbitrum,avalanche-2,binancecoin,bitcoin-cash,bitcoin,bonk,cardano,chainlink,cosmos,dogecoin,ethereum,floki,injective-protocol,litecoin,matic-network,near,optimism,pepe,polkadot,ripple,shiba-inu,solana,sui,the-open-network,thorchain,tron
2023-08-11,7.0971203,1.1575074,12.440173,239.59583,228.95767,29396.848,3.398028e-7,0.29332468,7.48495,8.361043,0.075713724,1847.5419,0.000022754271,7.629209,83.50801,0.6803814,1.3325443,1.5862886,0.0000012465325,5.0028634,0.6316176,0.0000104727005,24.57981,0.60481507,1.2996806,1.1414318,0.07712927
2023-08-13,7.203747,1.1623077,12.385306,240.08844,228.58878,29412.143,3.404862e-7,0.29166576,7.4379983,8.412474,0.07669635,1848.5052,0.000023212597,7.6581616,83.399574,0.68137145,1.3418067,1.551729,0.0000013472356,5.032357,0.62708074,0.000010714939,24.891819,0.6077524,1.3690807,1.2707086,0.077441685
2023-08-14,7.058094,1.1406136,12.259066,240.03079,228.38716,29284.969,3.353646e-7,0.2893724,7.3682137,8.369781,0.07477775,1839.5128,0.000022952872,7.7100983,81.94623,0.6771991,1.3424488,1.5387756,0.0000013679113,4.9848075,0.6256892,0.000010266061,24.223293,0.59775877,1.3992751,1.3849831,0.0770978
2023-08-15,7.065962,1.1407834,12.352482,240.35806,230.11996,29400.586,3.3180385e-7,0.29045182,7.411531,8.501039,0.07476435,1843.5134,0.000023801918,7.5669694,82.043495,0.67942613,1.3343983,1.5325075,0.0000014096667,4.9862986,0.6346809,0.000010221981,25.147724,0.5991956,1.4369817,1.4665195,0.07740802
2023-08-16,6.1804214,1.0488509,11.371465,232.09549,208.30388,28754.197,3.0800882e-7,0.27485216,6.759309,7.798525,0.06731246,1809.4604,0.000021230013,7.054157,74.44278,0.6237921,1.2106036,1.404876,0.0000011666644,4.6644063,0.5892529,0.000009270622,22.846367,0.5260105,1.4031328,1.447245,0.074735984
2023-08-18,5.663212,0.982499,10.542332,217.79553,183.80046,26501.588,2.766326e-7,0.2543608,6.177776,7.3991423,0.061057307,1675.8622,0.000018198714,7.078706,64.66428,0.57183045,1.1158893,1.360737,0.0000010799693,4.4219584,0.50453645,0.000008106578,21.646961,0.47359124,1.3203124,1.4810182,0.07244716
2023-08-19,5.827034,1.0068241,10.800818,215.97292,187.27808,26042.838,2.6776598e-7,0.26368794,6.1698275,7.583565,0.06318901,1660.6791,0.000018416978,7.8879657,64.077,0.5773579,1.1419713,1.44028,0.0000010905017,4.510154,0.5055391,0.0000085694855,21.330196,0.48442188,1.2770736,1.6190369,0.0729947
2023-08-20,6.0170126,1.0205854,10.807374,217.07552,186.95462,26104.78,2.7468306e-7,0.2681859,6.1753693,7.7084355,0.0637339,1669.2334,0.00001873538,7.75014,64.10083,0.57656455,1.1649489,1.472431,0.0000011350869,4.51518,0.51973355,0.000008440491,21.87833,0.5557575,1.347955,1.7149113,0.07409392
2023-08-21,5.950176,0.9963737,10.360422,210.58829,185.98106,26119.006,2.4693682e-7,0.26294225,6.17523,7.5485554,0.062501155,1666.8405,0.00001838914,7.4607644,66.916794,0.5573954,1.1319922,1.5312055,0.0000010890122,4.4306974,0.52440554,0.000007971104,21.202108,0.5142687,1.3625793,1.7390776,0.07517492
2023-08-22,5.842681,0.98132604,10.124646,210.83832,184.79942,26033.676,2.421623e-7,0.25838202,6.1105103,7.3919187,0.0625788,1635.1913,0.00001803248,7.328962,64.92408,0.5483895,1.1658708,1.5779893,0.0000010679364,4.420464,0.52092355,0.000007986868,20.553892,0.53735346,1.3752172,1.5688964,0.0755356
2023-08-24,6.017637,1.0086787,10.348293,216.46933,193.72124,26450.008,2.5634466e-7,0.2682727,6.346907,7.427438,0.063823484,1679.124,0.00001851489,7.723005,65.59276,0.5572534,1.2101083,1.5584157,0.0000011020793,4.49063,0.5299194,0.000008315062,21.672558,0.6021144,1.4257793,1.6000711,0.07765947
2023-08-25,5.812556,0.9798317,10.112799,218.29266,194.44598,26134.934,2.5477482e-7,0.2657851,6.0729985,7.2007914,0.06298435,1658.3997,0.000018017745,7.463395,64.87251,0.5468338,1.1944693,1.5859721,9.4520846e-7,4.417791,0.5181136,0.000008189514,21.026152,0.5711024,1.4084737,1.4941744,0.07652947
2023-08-26,5.6943808,0.94919294,10.060003,218.17749,191.95695,26044.037,2.4896312e-7,0.2610914,6.009223,7.2427607,0.06308842,1653.4293,0.000017531262,7.2547073,65.10938,0.54624015,1.1893705,1.4692471,8.8420535e-7,4.4845133,0.5262962,0.000008138873,20.392834,0.55611336,1.4293643,1.4764472,0.07718179
2023-08-27,5.6969786,0.95870394,10.193429,218.24702,197.938,26082.717,2.5215707e-7,0.2632569,6.0223837,7.174878,0.063123666,1656.931,0.000017644365,6.940545,65.341446,0.5555343,1.1770567,1.4535846,8.944119e-7,4.4913435,0.5235466,0.000008031545,20.781187,0.58250237,1.516381,1.462122,0.077505305
2023-08-29,5.7395287,0.9491282,10.3700485,218.66017,190.28636,26109.27,2.5617652e-7,0.2675044,5.9789844,7.2658887,0.06344911,1653.1986,0.00001759748,6.893857,65.54256,0.56195647,1.1943355,1.4225367,8.582595e-7,4.60548,0.52329975,0.000008229973,20.56254,0.54767036,1.5219989,1.4514958,0.07632112
2023-08-30,5.8982115,0.97002006,10.8081255,226.74644,224.14667,27730.504,2.670791e-7,0.2721176,6.186604,7.432197,0.06632428,1730.1903,0.000018544319,7.2489033,68.9029,0.593121,1.2250613,1.4913208,8.9704804e-7,4.6713476,0.5400245,0.00000836663,21.75689,0.5457791,1.7149514,1.6129831,0.07734393
2023-08-31,5.783876,0.9434517,10.404807,223.73476,215.83658,27297.262,2.585086e-7,0.26556137,5.931986,7.2212977,0.06584586,1705.1082,0.000018302804,7.1168585,67.64574,0.575133,1.2038876,1.4834839,8.6769614e-7,4.5331225,0.5278783,0.000008162724,20.840939,0.5259025,1.7192738,1.5382185,0.075606376
2023-09-01,5.5063124,0.88478905,9.923837,213.63263,199.71477,25812.33,2.3638813e-7,0.25525957,5.9339204,6.66719,0.06387572,1630.6058,0.000017068607,6.8037767,63.0043,0.54078585,1.128488,1.317616,7.7911426e-7,4.2171574,0.4978374,0.0000078817275,19.339388,0.4881337,1.951807,1.5583293,0.076044105
2023-09-02,5.580465,0.8875983,9.905673,214.1517,194.90033,25853.656,2.4001102e-7,0.2560492,5.964997,6.8208146,0.06344253,1636.1622,0.000017052585,6.756401,64.52308,0.54017204,1.1203297,1.3180208,7.838508e-7,4.25921,0.49860445,0.000007825579,19.468542,0.49063572,1.8565133,1.5596943,0.07698902
2023-09-04,5.4654493,0.90505975,9.88674,214.30019,196.416,25959.596,2.400693e-7,0.25573653,6.025127,6.810624,0.06315181,1635.4031,0.000016911134,6.823795,63.900597,0.54199654,1.1266948,1.3393701,8.0685766e-7,4.2601943,0.50453556,0.000007690211,19.57639,0.48383698,1.887514,1.4592854,0.07699795
2023-09-05,5.5105047,0.8965677,9.802917,215.20163,193.64233,25829.365,2.3471132e-7,0.25616136,6.015891,6.7212915,0.06322656,1630.6276,0.000016943945,6.8360243,63.710083,0.5537585,1.1265281,1.3412393,8.000496e-7,4.254642,0.508417,0.000007491026,19.491905,0.48302266,1.881313,1.4553709,0.077461444
2023-09-06,5.5273485,0.9009065,9.913454,214.36179,192.04478,25784.414,2.3065594e-7,0.25754008,6.136817,6.8116937,0.06398205,1633.077,0.000017002214,6.8625937,63.09071,0.5579946,1.1276387,1.345221,8.004708e-7,4.2532287,0.5051559,0.000007641833,20.270462,0.49067116,1.7854048,1.5047181,0.07740544
2023-09-07,5.6305294,0.91085804,10.069299,216.71011,193.20178,26192.334,2.3040597e-7,0.25751188,6.3799434,6.932847,0.06354868,1646.305,0.000017152273,6.95075,63.58641,0.554362,1.1522666,1.337982,8.048594e-7,4.2856684,0.504243,0.000007671091,19.887886,0.4848339,1.796126,1.6048547,0.07902387
2023-09-08,5.520166,0.90211475,9.919355,214.58287,193.11507,25907.229,2.2183049e-7,0.25436088,6.2808022,6.835206,0.06366542,1636.3542,0.000018842531,6.714497,62.593784,0.5436508,1.1515511,1.2986585,7.9797456e-7,4.250794,0.5048376,0.0000075956477,19.595985,0.48141044,1.7817336,1.5890769,0.07917326
2023-09-10,5.478626,0.89778125,9.836481,214.13751,193.066,25889.324,2.1789474e-7,0.25327033,6.160013,6.846637,0.06337396,1634.4459,0.000017554146,6.6868424,63.057587,0.53987604,1.165192,1.2936665,7.8599066e-7,4.239368,0.5035774,0.00000756204,19.44048,0.4809687,1.7687436,1.5442295,0.07913404
2023-09-11,5.1685963,0.8440382,9.463823,212.21388,190.40686,25834.58,2.1060164e-7,0.24915296,6.014862,6.661576,0.06131966,1617.4862,0.000016754793,6.6333513,61.11227,0.52335197,1.1517227,1.2693598,7.0661224e-7,4.1514225,0.4978467,0.000007364583,18.24156,0.45502388,1.7185513,1.5400345,0.078317314
2023-09-12,5.04515,0.7849724,9.226965,211.51805,198.97974,25866.807,2.0823083e-7,0.24582776,5.962548,6.3844805,0.06097961,1594.9745,0.000015670828,6.7992144,60.03242,0.5071695,1.0706166,1.3381823,6.72832e-7,3.9869275,0.48080617,0.0000071876843,17.944447,0.4276707,1.8155283,1.4880009,0.08077382
2023-09-13,5.1866636,0.7866228,9.297449,212.51215,199.7673,26223.436,2.1023466e-7,0.24875514,6.019991,6.539818,0.061260007,1607.7367,0.000015974565,6.910183,62.003216,0.51385826,1.0904214,1.3527251,6.7656754e-7,4.0009995,0.48387662,0.000007254822,18.403574,0.44268313,1.8962268,1.6025139,0.08117488
2023-09-15,5.212905,0.8037353,9.389525,212.21487,207.49422,26531.396,2.1097273e-7,0.2511102,6.1500735,6.8280497,0.062048912,1626.4364,0.000015931382,7.0307684,62.720993,0.52171046,1.1066655,1.3580676,6.825069e-7,4.0563817,0.48902997,0.0000073570986,18.8299,0.4450334,1.9177685,1.6421131,0.08366422
2023-09-16,5.2664466,0.8082523,9.428839,214.102,217.25687,26634.63,2.0600753e-7,0.2505942,6.3653984,6.921302,0.06250556,1641.9348,0.000016131182,7.252306,65.96598,0.5296864,1.1293414,1.4064072,6.847482e-7,4.1403403,0.5004928,0.000007454091,19.173122,0.44619682,2.101647,1.8222818,0.0840328
2023-09-17,5.3180475,0.8271527,9.380132,214.87611,214.89561,26557.77,2.0539979e-7,0.25029767,6.2836323,7.1495934,0.062116466,1634.4199,0.000016210404,7.1921234,65.27979,0.52822375,1.1292447,1.3930333,6.7639667e-7,4.18522,0.49927485,0.0000074008476,19.126904,0.46518123,2.4091651,1.9344043,0.08347919
2023-09-18,5.1813097,0.822672,9.110328,215.88019,217.27855,26741.46,2.0564343e-7,0.25152275,6.554833,7.3687577,0.0619982,1636.6346,0.000015748603,7.3415666,65.84643,0.52597874,1.0983584,1.3685805,6.2831043e-7,4.1032386,0.5026839,0.0000072600687,19.640146,0.44868505,2.3940248,1.8713164,0.08400016
2023-09-19,5.2243905,0.8628988,9.222597,217.16777,219.28288,27219.297,2.0453447e-7,0.2549927,6.8602576,7.508434,0.062698245,1643.6984,0.000015942092,7.5265293,67.340164,0.544542,1.1215452,1.3805302,6.415976e-7,4.155653,0.51414365,0.0000074128434,20.042099,0.4544108,2.5752017,1.9150885,0.08454878
2023-09-21,5.170556,0.8591414,9.043241,214.18713,215.43642,27115.846,2.024507e-7,0.25136808,6.9023366,7.275184,0.06258765,1621.533,0.000015824748,7.43085,64.51615,0.54110885,1.120945,1.3907135,6.27006e-7,4.1381364,0.52162766,0.0000074384875,20.287249,0.4464896,2.4058683,1.7884418,0.084430434
2023-09-22,5.094941,0.82246095,8.819813,210.6686,208.56776,26561.133,1.9512977e-7,0.24510014,6.677166,7.189178,0.06130511,1583.8242,0.00001544056,7.088928,64.65792,0.51966923,1.1245948,1.2970177,6.1168726e-7,4.011801,0.5066859,0.0000072486064,19.470118,0.43937525,2.3499305,1.7700607,0.083050385
2023-09-23,5.1469784,0.81986743,8.896935,210.46274,208.15773,26573.924,1.920409e-7,0.2459746,7.19496,7.0862913,0.06151846,1593.1799,0.000015911744,7.009412,65.08008,0.520434,1.1153044,1.2983212,6.764168e-7,4.031338,0.50741744,0.0000075113785,19.471165,0.44528928,2.2990193,1.7160218,0.0836034
2023-09-24,5.313001,0.806301,8.779632,208.14507,204.56972,26249.562,1.910659e-7,0.24255729,6.981402,6.9689903,0.060646553,1580.4778,0.000015487407,6.899002,63.569096,0.51300895,1.0938116,1.2633786,6.7385906e-7,3.986535,0.50216645,0.0000072982234,19.351751,0.43757382,2.1863952,1.6696848,0.08353619
2023-09-26,5.559595,0.8054012,8.9498625,209.98105,210.28015,26298.635,2.0152963e-7,0.24587591,7.4870434,7.037329,0.060932346,1588.4712,0.00001577796,7.097536,64.316414,0.51938915,1.1011184,1.2495854,7.1212213e-7,4.062085,0.5053664,0.0000072880125,19.39488,0.44218686,2.1427093,1.7098061,0.08465474
2023-09-27,5.311954,0.8241924,9.04393,212.32658,214.26321,26204.758,2.0447355e-7,0.24531238,7.3677588,6.956287,0.06057219,1592.4861,0.000015608592,7.1239705,63.717705,0.5094575,1.0789077,1.2871569,6.957124e-7,4.0116177,0.50166726,0.000007259583,19.017088,0.43853632,2.112351,1.7423104,0.084708765
2023-09-28,5.317959,0.81748766,8.924502,212.00203,228.5838,26350.146,1.9500975e-7,0.24476331,7.6436205,6.966117,0.060510706,1597.4169,0.00001564617,7.1258163,63.46746,0.50326663,1.0756742,1.2692418,7.3538433e-7,3.989834,0.4992287,0.000007215711,19.127865,0.43673745,2.168239,1.7274629,0.08546427
2023-09-29,5.3996572,0.90348697,9.170109,215.14227,235.38287,26917.2,1.9636236e-7,0.24942109,7.9574785,7.1077156,0.062170766,1667.9889,0.000016501646,7.5489907,65.63607,0.525583,1.1216727,1.3353956,7.9450723e-7,4.0763135,0.5212894,0.0000073135784,20.29416,0.4805878,2.1593537,2.003261,0.08906067
2023-09-30,5.4800625,0.90747815,9.240786,214.69696,234.41443,26969.877,2.0664565e-7,0.2537925,8.173275,7.237845,0.062098574,1670.9989,0.000018561672,7.6725345,66.02306,0.53292084,1.1330978,1.3449756,8.013507e-7,4.1030173,0.51542693,0.000007337478,21.387053,0.47056434,2.1064281,1.9249492,0.08859753
2023-10-02,5.6656504,0.97109383,9.744005,217.96385,242.30748,27967.51,2.1477112e-7,0.26589113,8.0420265,7.576677,0.06321795,1733.818,0.000019407584,7.951757,68.275696,0.5686204,1.1605017,1.4126451,8.139101e-7,4.262695,0.52418655,0.000007521983,23.881496,0.5039469,2.129013,2.1492698,0.09015186
2023-10-03,5.450148,0.93356484,9.34018,214.82304,247.12793,27615.064,2.0305639e-7,0.2597165,7.47203,7.1624036,0.062109143,1665.2764,0.000019161309,7.5809903,66.09266,0.547685,1.1162087,1.3961453,7.464436e-7,4.126012,0.513271,0.0000073308993,23.409946,0.4680463,2.0229595,2.0257614,0.08758931
2023-10-04,5.3519,0.9061375,9.40066,213.57799,229.89195,27439.121,2.0873537e-7,0.261026,7.41888,7.091232,0.061407473,1656.322,0.000017757666,7.375395,65.45532,0.5666658,1.0987532,1.3214381,7.268853e-7,4.0755596,0.53764045,0.0000072748844,23.546637,0.44420236,2.0387704,1.9960731,0.09078938
2023-10-05,5.2288785,0.85899234,10.138727,210.81952,231.49367,27435.875,2.101355e-7,0.26020434,7.4746614,6.835872,0.060922723,1612.9949,0.000018127346,7.4225287,64.89541,0.54611194,1.0729343,1.3015231,7.0324836e-7,4.0223966,0.5235522,0.0000071475947,22.719917,0.43482566,2.0556448,2.0220275,0.08826435
2023-10-07,5.335695,0.89010316,10.654528,213.5678,231.1142,27958.197,2.1110841e-7,0.26490498,7.653735,6.912634,0.061455138,1646.3934,0.000018364466,7.834103,65.52552,0.564142,1.0933933,1.30578,7.2437064e-7,4.072188,0.52605283,0.0000072415833,23.431639,0.44331774,2.140948,1.7664256,0.087267086
2023-10-08,5.2752657,0.86863077,10.369641,212.3451,230.30981,27977.543,2.1489682e-7,0.25872314,7.533088,6.965684,0.061459087,1635.0829,0.00001826225,7.7879367,65.492645,0.56359226,1.0911386,1.2902166,7.087811e-7,4.0558743,0.5218614,0.0000072355742,23.29382,0.44235614,2.0588112,1.7472531,0.08815054
2023-10-09,5.208193,0.8477749,10.101008,211.56558,228.18742,27948.104,2.0667657e-7,0.25650337,7.678215,6.945308,0.060996383,1634.2217,0.000017749375,7.744407,65.40044,0.56122166,1.094039,1.2807703,7.1819926e-7,4.0141273,0.51795226,0.0000072010534,23.249166,0.43836117,2.0510926,1.7376647,0.08803002
2023-10-10,4.917418,0.82472974,9.5431385,208.66203,212.74904,27392.248,1.9131393e-7,0.24903288,7.266659,6.682642,0.059027508,1567.4583,0.000017253835,7.3350916,63.640682,0.5172949,1.0437003,1.2442696,6.461616e-7,3.811052,0.49726343,0.000006901861,22.10708,0.41559708,2.004429,1.6840228,0.08626582
2023-10-11,4.828951,0.8143171,9.298084,206.51869,213.912,26842.191,1.9140586e-7,0.24778382,7.391048,6.7146635,0.05844391,1564.9163,0.000016779743,7.384104,61.46564,0.5136998,1.0271534,1.2435206,6.381146e-7,3.7358468,0.48867086,0.0000067637025,21.960972,0.4094701,1.9871203,1.6307206,0.085992604
2023-10-13,4.8303704,0.80258554,9.109252,204.99892,214.08989,26729.137,1.7796863e-7,0.24565862,7.18582,6.5796638,0.057836153,1536.8127,0.0000173322,7.3466377,61.066124,0.50770366,1.01057,1.1901143,6.2574065e-7,3.6708145,0.48296413,0.00000679445,21.26544,0.40708625,1.9270331,1.635586,0.084830806
2023-10-14,4.890391,0.8067238,9.146878,205.81804,217.08827,26841.137,1.7710734e-7,0.24582401,7.252798,6.5567837,0.058348738,1550.9669,0.000018177316,7.547137,61.55,0.5144627,1.0081562,1.207335,6.501529e-7,3.71793,0.48546898,0.000006902867,21.826473,0.41306305,1.9357591,1.6607616,0.085429035
2023-10-15,4.9502106,0.8037222,9.1487,206.54689,214.59102,26863.184,1.8718607e-7,0.24699022,7.31992,6.587234,0.059843753,1555.4562,0.00001843166,7.6114573,61.619644,0.51749754,1.0107355,1.1994474,6.4606013e-7,3.734204,0.48662952,0.000007024093,22.004566,0.41567382,1.9172381,1.6365844,0.08506255
2023-10-16,5.064949,0.82160723,9.419219,214.89035,231.58635,28513.31,1.963956e-7,0.2513067,7.5462656,6.636693,0.06011312,1601.2322,0.000018441195,7.8287215,63.286327,0.53435814,1.0344303,1.235924,6.7584597e-7,3.7863727,0.49851587,0.0000071109307,23.981382,0.41169876,1.9609977,1.638619,0.08894233
2023-10-17,5.007846,0.7845885,9.111391,211.61725,226.96852,28417.723,1.8511629e-7,0.24649315,7.3354754,6.4366755,0.059124373,1565.0605,0.000018108347,7.8944535,62.159958,0.51919895,1.0083601,1.1961007,6.3572116e-7,3.6737459,0.49171788,0.000006898622,23.971056,0.38100722,2.1029797,1.5311644,0.08859464
2023-10-19,4.9412746,0.78282356,8.911367,210.40184,227.24577,28328.246,1.8259911e-7,0.24296407,7.360077,6.293605,0.058678344,1564.0712,0.000018360995,8.111687,60.20006,0.5107191,0.99947363,1.1868273,6.340653e-7,3.6550407,0.48798522,0.0000067733376,23.434057,0.38288784,2.0446405,1.5742679,0.089171715
2023-10-20,4.910419,0.7690954,9.067419,211.29439,227.42116,28715.748,1.8009632e-7,0.2469492,7.3108025,6.2677197,0.05891413,1568.3746,0.000017924938,8.446526,61.80389,0.51735914,0.9867185,1.1717395,6.284082e-7,3.6506321,0.52008057,0.000006851833,24.942677,0.37114882,2.067742,1.5223994,0.090037405
2023-10-21,5.545174,0.83180445,9.6328,214.22923,243.5826,29920.074,2.0586606e-7,0.25848174,8.897064,6.6167827,0.061176818,1629.2955,0.000023856992,8.802755,64.72406,0.57247293,1.0403658,1.268181,6.990458e-7,3.900682,0.52081496,0.000007063603,29.355574,0.3905136,2.1252291,1.7569855,0.091579914
2023-10-22,6.130189,0.8518147,10.065268,217.9489,244.01474,30019.38,2.913285e-7,0.26401222,10.139235,6.7561727,0.061704356,1664.5707,0.000024949113,9.239385,65.29181,0.6109171,1.054989,1.3117528,7.481812e-7,3.9656541,0.5228951,0.000007126096,29.021387,0.403262,2.1933634,1.8319367,0.09046719
2023-10-24,6.1409426,0.880941,10.550707,228.24275,260.2033,32953.26,3.1579012e-7,0.2788866,10.5147915,7.003515,0.066985495,1764.9303,0.000027623704,10.941241,68.97702,0.6342,1.0975829,1.3531716,9.799904e-7,4.330219,0.5457748,0.00000746276,31.736584,0.41907552,2.1755683,2.148231,0.09221714
2023-10-25,6.28285,0.89988244,10.32004,225.09317,251.70467,33846.723,3.1529314e-7,0.2788964,10.442617,6.9864416,0.06651797,1784.7734,0.000025824302,11.798837,69.038925,0.62423444,1.1360451,1.3914341,9.235921e-7,4.1875887,0.55824757,0.0000073902597,30.133995,0.43274996,2.1228628,2.208655,0.09237741
2023-10-26,6.9261436,0.9220453,10.500249,221.94464,253.87042,34471.984,4.1755567e-7,0.28032506,11.010958,7.1028357,0.06828747,1785.5552,0.000030350835,12.078706,68.67691,0.6300252,1.1415087,1.3792081,0.0000012110443,4.2825108,0.5547697,0.000007795174,32.405323,0.43560028,2.1332946,2.2041728,0.09347631
2023-10-27,6.5661187,0.91680753,10.594508,224.31836,239.30508,33899.094,5.4570705e-7,0.28934422,11.209071,7.0303802,0.06780404,1780.5704,0.00003477513,13.565383,67.07594,0.6096263,1.2220229,1.3674903,0.0000011642041,4.139834,0.545946,0.000007698118,31.765434,0.43127507,2.056763,2.4136589,0.09357741
2023-10-28,6.8416824,0.9184514,10.95892,225.70596,244.93414,34092.633,5.2589667e-7,0.29079986,10.919138,7.1754794,0.06901262,1776.3535,0.000036016,13.420648,67.756744,0.62031233,1.218174,1.3717942,0.0000011439337,4.180326,0.54511505,0.000007963951,31.646807,0.4649137,2.0372882,2.494527,0.09432591
2023-10-30,6.733486,0.94648916,11.369702,227.18387,246.36368,34556.242,5.6258483e-7,0.29510224,11.105962,7.300136,0.06935302,1798.1654,0.000034887995,13.869736,68.83186,0.63855535,1.2685474,1.4111379,0.0000011430061,4.312752,0.5564638,0.000008019892,32.81601,0.45325086,2.072173,2.4363418,0.09488903
2023-10-31,6.869468,0.96547335,11.449159,228.18039,246.16339,34498.703,7.0128385e-7,0.30281124,11.230301,8.078935,0.06967055,1809.6393,0.00003603662,13.276414,69.23738,0.6499782,1.3233188,1.4204723,0.000001173748,4.5208592,0.5786581,0.0000079814445,34.956993,0.46352902,2.119911,2.7543151,0.09560803
2023-11-01,7.0939918,1.0372584,12.200564,227.87877,245.03726,35457.453,8.617069e-7,0.30754563,11.63039,7.897136,0.06881612,1846.4822,0.000032860717,14.841436,69.92661,0.66790265,1.5278311,1.4355831,0.0000011816135,4.726829,0.6093845,0.000007943426,41.414207,0.46541572,2.2034369,2.9554577,0.100238346
2023-11-02,6.681777,0.9910869,11.884502,231.82826,235.40668,34924.055,6.615348e-7,0.3233085,11.001669,7.833151,0.067881964,1800.9072,0.0000308594,14.356032,69.45925,0.66031086,1.5213144,1.371938,0.0000010892937,4.63597,0.60656345,0.000007852602,40.146034,0.4583193,2.229048,2.8082738,0.0992803
2023-11-04,6.7172866,1.0623151,12.126954,230.75598,237.56331,34731.383,6.3585634e-7,0.3290641,11.491212,7.7624135,0.06813842,1834.1731,0.000030523577,14.738003,69.501434,0.6719394,1.4768139,1.4209923,0.0000010802779,4.6183343,0.6128581,0.000007822965,39.517597,0.45510232,2.2638774,3.4174094,0.0972557
2023-11-05,6.9489985,1.0942364,12.220435,237.29213,240.1992,35048.406,7.5431745e-7,0.32802415,11.480656,8.117664,0.06907114,1855.4543,0.000031689116,15.150359,70.40177,0.67788625,1.5129514,1.4983891,0.0000011179542,4.686867,0.61608016,0.000007942179,42.24724,0.5050742,2.240812,3.4048276,0.09771704
2023-11-06,6.893783,1.0929097,12.37406,244.32692,238.50377,35061.93,7.8822313e-7,0.34319258,12.226985,8.383069,0.071240686,1895.9381,0.000031090058,16.155666,71.650085,0.6935632,1.6366018,1.5452216,0.0000011231474,4.776276,0.65918046,0.000008147756,41.243034,0.5020974,2.2700782,3.355044,0.09817312
2023-11-07,7.2813025,1.0828861,12.818095,246.1953,243.93439,35436.54,9.4456817e-7,0.35120463,13.03633,8.462633,0.073444694,1887.3153,0.000030584302,16.98127,73.509094,0.7405696,1.446901,1.5124687,0.0000011656599,4.9261804,0.68562055,0.000008215109,43.10992,0.5246526,2.53866,3.4095445,0.096623614
2023-11-08,7.438934,1.0963217,13.0363865,247.30391,246.021,35795.082,0.000001091679,0.35848594,14.937511,8.6801195,0.07555438,1891.4918,0.000031057425,17.003923,73.1435,0.79017365,1.477829,1.5318968,0.0000011944436,5.0620666,0.68823,0.000008307639,43.249256,0.58179206,2.6993337,3.3452144,0.09841085
2023-11-10,7.324001,1.2121303,12.984149,251.36484,239.86447,36768.42,0.0000016561456,0.36824414,14.660165,9.044383,0.07340512,2128.6096,0.00003046573,16.364208,73.64999,0.85216105,1.4366417,1.742267,0.000001350947,5.0914326,0.6677695,0.00000822926,45.358055,0.5572584,2.467934,3.937959,0.09898775
2023-11-11,7.5017443,1.1761348,14.801447,250.93329,239.83948,37344.25,0.0000027769354,0.3863068,15.543745,9.214575,0.07532572,2078.8535,0.000031132407,17.7823,73.24239,0.84341395,1.5537884,1.7224317,0.0000013284752,5.3001595,0.6595913,0.0000085212905,56.672752,0.6145587,2.4619188,4.025137,0.10626666
2023-11-12,7.6686177,1.1374407,16.72932,251.59265,236.64699,37122.723,0.0000021693781,0.38486826,16.522366,9.26393,0.07837852,2052.9946,0.000031281925,17.712084,75.17308,0.8027815,1.601037,1.6903411,0.0000012780913,5.55425,0.66297805,0.000009070266,56.469692,0.5942384,2.365225,4.7702084,0.1080831
2023-11-13,7.382226,1.1230094,16.264639,241.35783,234.65015,36549.16,0.0000018156239,0.3587682,14.386352,9.214475,0.074864596,2060.533,0.00003398381,15.50182,71.5905,0.88438296,1.5930909,1.8023223,0.0000011767179,5.375754,0.671033,0.000008591365,52.210163,0.60594285,2.3460574,4.8624816,0.10698284
2023-11-15,7.1291313,1.0773172,17.117647,242.14218,231.65349,35545.203,0.000002170025,0.35770684,13.967891,9.087971,0.072484076,1980.5154,0.000033452154,15.463508,70.685585,0.9161246,1.5384941,1.7963816,0.0000011515161,5.205424,0.6295798,0.000008349252,56.847244,0.5683166,2.2526007,4.901467,0.10212584
2023-11-16,7.697099,1.1439084,20.70388,253.64781,238.192,37903.664,0.0000032410262,0.37895945,15.006911,9.738939,0.07633339,2061.6355,0.000036071902,17.040384,74.13161,0.9208314,1.7037472,1.8586217,0.0000012567965,5.5609937,0.64990175,0.000008804074,65.42118,0.6196244,2.4003208,6.1239104,0.104126334
2023-11-17,7.2760744,1.0789968,21.620413,242.8427,234.22847,36201.516,0.0000024928088,0.37051508,13.892455,9.60406,0.078639895,1962.2439,0.000033461652,15.859618,71.24815,0.8443715,1.7212745,1.8004764,0.0000011422933,5.356577,0.6123377,0.000008466271,57.859367,0.5659635,2.2818286,5.763888,0.10241746
2023-11-18,7.0731945,1.0314999,21.98552,244.8284,227.41641,36582.367,0.0000028591226,0.37761042,13.751158,9.227074,0.08018986,1962.6306,0.00003221459,15.989892,69.83602,0.8310534,1.7701133,1.737467,0.0000011498415,5.287718,0.6106602,0.00000855311,58.43785,0.5456977,2.372725,5.784201,0.1029653
2023-11-19,7.2231674,1.0477985,22.807121,246.2336,230.30212,37413.996,0.000004440265,0.38397613,14.934228,9.380288,0.08044137,2011.1267,0.000032934422,16.812761,70.56643,0.85289127,1.9823619,1.7883312,0.0000011911486,5.4406433,0.62699074,0.000008676251,61.46822,0.56479025,2.3713207,5.5652757,0.10338142
2023-11-21,7.1972823,1.0274347,20.80871,253.37299,226.25728,37489.297,0.000003905487,0.3795803,14.439355,8.962475,0.077650696,2022.3882,0.000031118245,15.883025,69.40081,0.8105083,1.9945089,1.7279019,0.0000011356758,5.29693,0.6122066,0.000008435812,56.38756,0.5552902,2.3241973,5.2897396,0.10092799
2023-11-22,6.8215995,0.96025217,19.112707,227.95084,217.03017,35965.36,0.0000035671035,0.358587,13.618235,8.284802,0.07225859,1940.4448,0.000029470908,14.349674,66.64091,0.73440725,1.7682911,1.5984533,0.0000010424654,4.9067965,0.5801605,0.000007772155,52.03847,0.5071757,2.317904,4.930817,0.0963147
2023-11-23,7.3199577,1.0203447,20.817574,236.08185,224.01585,37464.832,0.0000045161987,0.3803192,14.23266,8.820153,0.075781696,2065.9414,0.000032701628,16.076765,68.685036,0.7737382,1.8253678,1.7348751,0.000001109832,5.1715684,0.61172396,0.000008100364,57.639854,0.55657274,2.398528,5.82107,0.10126713
2023-11-24,7.451217,1.0488979,20.888762,232.86134,226.61343,37738.934,0.0000041291237,0.38619068,14.458076,8.897017,0.07818353,2080.8518,0.000032567365,15.599513,70.69902,0.7593656,1.8364348,1.7980129,0.0000011092812,5.2434907,0.6219795,0.000008190782,56.87306,0.6276982,2.391596,5.432353,0.10466011
2023-11-26,7.392986,1.0661991,21.285076,234.23991,227.41936,37809.85,0.0000043822442,0.394579,14.731083,9.476224,0.0788763,2085.4265,0.000033736113,17.165216,71.79099,0.77887696,1.8862162,1.7824076,0.0000011781354,5.3258505,0.62323743,0.000008464438,58.813198,0.65561914,2.36749,5.4311967,0.108715005
2023-11-27,7.282183,1.0373744,21.13467,232.07104,226.81349,37491.84,0.0000040275663,0.38787302,14.785339,9.95077,0.0785653,2064.0742,0.0000322419,17.170046,70.041565,0.76284957,1.8290397,1.814649,0.0000011162203,5.323664,0.61685073,0.000008297504,57.655632,0.6357355,2.3872707,5.2919726,0.10783562
2023-11-28,6.9659133,1.0188303,20.385288,227.22665,223.5092,37250.168,0.0000038022617,0.3783947,14.226318,9.296396,0.0787679,2030.0005,0.000031488355,16.63046,69.317635,0.74351835,1.7840122,1.728462,0.0000010825561,5.1693935,0.60407984,0.000008206176,55.122288,0.5930866,2.44537,5.465842,0.10219228
2023-11-29,7.016587,1.0062121,21.038551,227.19638,222.98567,37810.348,0.0000040688024,0.38134408,14.489977,9.199084,0.08042184,2025.9374,0.00003188332,16.729235,69.91134,0.7562126,1.7958678,1.6858034,0.0000010571459,5.1613193,0.6091451,0.000008199499,59.132385,0.60014963,2.4015338,6.3628035,0.1034336
2023-11-30,6.9788804,1.0064843,21.382465,227.60255,221.52455,37711.82,0.0000038575836,0.37563467,14.3932085,9.24969,0.08333732,2051.7568,0.000032120584,18.360544,69.42175,0.761984,1.8830438,1.6709398,0.0000010860316,5.467275,0.6058189,0.000008280643,59.17999,0.59653115,2.3916485,6.457064,0.10344636
2023-12-02,7.0550265,1.0331227,21.846838,228.451,225.20473,38688.258,0.0000040202276,0.3841346,14.985345,9.45596,0.083901085,2085.7124,0.000032804262,17.903341,71.54177,0.79897296,1.8927643,1.6570739,0.0000011050842,5.4773083,0.61300105,0.000008365028,59.823586,0.613185,2.3862882,6.46552,0.10318844
2023-12-03,7.332662,1.1103103,22.21775,229.25865,228.10341,39481.668,0.0000046333503,0.39805442,16.005117,9.64358,0.086369365,2165.2979,0.000033955333,17.7724,72.27661,0.81668234,2.011468,1.7602078,0.0000011649059,5.576334,0.62057775,0.000008533306,63.54189,0.62564355,2.4374368,7.0745645,0.103212185
2023-12-04,7.2952476,1.0988334,21.957376,227.881,229.92181,39960.277,0.0000053300932,0.3946588,15.725823,9.535965,0.08551148,2190.704,0.000033716144,17.41614,72.19586,0.8140146,1.981958,1.719741,0.0000012033472,5.5414762,0.62311804,0.000009031819,63.016994,0.61694854,2.4198003,6.9767914,0.10309568
2023-12-05,7.6953716,1.092727,24.402946,231.14255,251.24324,44105.945,0.0000076057217,0.42552492,15.721533,9.898488,0.0942289,2294.0952,0.000042368614,17.15931,74.26538,0.81319404,2.252261,1.8007782,0.0000016122009,5.903845,0.6217479,0.000009476818,60.90256,0.6434558,2.4212408,6.5425334,0.10358684
2023-12-06,7.3945293,1.0592971,26.244955,229.62917,244.60355,43788.29,0.0000075252683,0.44208938,15.301471,9.771131,0.094758846,2232.0254,0.000039109626,16.949276,72.3811,0.81881243,2.288615,1.7128268,0.0000014904821,6.0454936,0.641794,0.000009716238,62.232044,0.62132305,2.2438216,6.3703127,0.10475573
2023-12-08,7.9380856,1.16561,26.263819,232.90388,246.84647,43270.12,0.000010074879,0.45587298,15.713587,9.8860655,0.09588349,2354.387,0.000041683994,18.289793,74.04042,0.84124863,2.2689674,2.1780496,0.0000015207092,6.237573,0.6430968,0.00000978953,67.69386,0.6704174,2.2702458,6.515084,0.10414751
2023-12-09,8.485235,1.16792,30.675434,238.98903,253.92102,44202.176,0.000012867454,0.5474035,16.966858,10.413828,0.1015495,2359.8892,0.000041315914,19.270283,78.482285,0.90602964,2.385527,2.1198485,0.0000015738286,6.852099,0.6737416,0.000010216218,74.84216,0.70705897,2.3375275,6.491198,0.10676989
2023-12-10,8.413096,1.1554701,37.031036,239.57367,250.89462,43757.96,0.000012433525,0.59552526,16.323147,10.68693,0.10179931,2352.0986,0.00004064169,21.288166,77.15957,0.9227649,2.5179365,2.169643,0.0000016046097,7.3252726,0.66155976,0.000010317684,74.42358,0.6917195,2.299422,6.5880194,0.10778919
2023-12-11,7.7819858,1.0969275,38.200054,246.28755,230.23965,41200.96,0.000011852797,0.5503522,14.75758,9.857892,0.09413432,2222.347,0.00003693889,23.990116,72.588554,0.8409232,2.2344193,2.2881997,0.0000014164675,6.7088084,0.61955893,0.000009508139,70.202415,0.6279542,2.122267,5.855313,0.10374061
2023-12-13,9.144145,1.2494783,37.399117,254.95445,231.766,41450.82,0.000011503813,0.57626224,14.508303,11.718417,0.093752995,2200.3337,0.000038108938,25.637651,72.52316,0.88583523,2.3005216,2.3380797,0.0000013975798,7.094091,0.6190431,0.000009577073,68.529236,0.6573797,2.0573182,5.719126,0.1036026
2023-12-14,8.560428,1.183897,38.989784,252.21806,235.38673,42931.76,0.000013101482,0.66138923,14.77082,11.584609,0.09641173,2260.8823,0.000038792597,28.996796,73.22056,0.88646543,2.3245635,2.236858,0.000001410007,7.58059,0.6281203,0.000009797469,70.738396,0.65384656,2.16468,5.846076,0.1043147
2023-12-15,8.417589,1.1812776,39.246292,253.56557,237.08414,43009.594,0.000025489,0.6424514,15.401402,11.5534315,0.09831889,2317.465,0.00003977103,30.415565,72.96445,0.8842376,2.3224828,2.2587426,0.000001449555,7.528783,0.63219845,0.00001006732,75.65589,0.6549798,2.200974,5.9104176,0.10605092
2023-12-16,8.185337,1.1226804,41.987747,244.16255,229.61383,42247.066,0.000021854856,0.6064995,14.312478,11.824749,0.096968085,2227.9365,0.000038964077,29.462406,72.16106,0.84964216,2.3681326,2.1805348,0.000001420144,7.0855775,0.61968833,0.000011619553,73.389595,0.62988365,2.185608,5.609803,0.10275118
2023-12-17,8.0576725,1.1069475,40.70803,239.17278,225.89641,41410.82,0.000022949915,0.58052963,14.025458,11.11327,0.09296416,2199.54,0.00003615109,30.745504,71.22135,0.8177618,2.2698739,2.0847223,0.0000013361991,6.7891145,0.61002856,0.000010309151,71.09305,0.61137867,2.1436057,5.5127344,0.102117494
2023-12-19,7.8807306,1.1000752,41.019505,241.10002,228.0019,42684.184,0.00002087983,0.60087097,14.648517,10.857924,0.09199518,2216.929,0.00003517661,36.79245,70.79553,0.8002222,2.283901,2.2316177,0.0000013070138,6.8737535,0.61253333,0.000010422817,74.34093,0.60895354,2.0954866,5.517722,0.10096025
2023-12-20,8.084132,1.0727581,39.726433,252.04747,224.89091,42250.207,0.000018987605,0.5750008,14.071075,10.383868,0.09010935,2176.8394,0.00003406155,36.673943,70.44356,0.7638586,2.4353845,2.1094742,0.0000012483627,6.7015734,0.6047003,0.000010124435,72.61145,0.6786395,2.1376603,5.1341257,0.10054731
2023-12-21,8.095458,1.1044681,43.38272,260.25504,229.53206,43634.125,0.000018812167,0.5897207,14.208709,10.665045,0.091366515,2198.4214,0.00003446752,42.420628,69.83232,0.7748854,2.842194,2.2422266,0.0000012692094,6.937337,0.6166326,0.000010232955,82.098526,0.68567353,2.2025301,5.471956,0.10284684
2023-12-22,9.2804,1.43483,45.49566,271.43146,238.65982,44003.695,0.00001940837,0.6236176,15.49792,11.391916,0.09528754,2327.049,0.000037954534,38.522552,73.73989,0.87612337,3.363071,3.5097165,0.0000015807908,7.97762,0.6251277,0.000010918166,98.078,0.6967251,2.2630098,5.352501,0.105107866
2023-12-24,9.275233,1.3954656,48.114414,271.2543,233.22496,43752.03,0.00001996607,0.61480325,15.681732,11.314822,0.09361259,2310.9556,0.00003652021,42.229824,72.53377,0.85905606,3.893949,3.4186337,0.0000014734846,8.337158,0.61970955,0.000011088178,107.63982,0.7497067,2.2309563,5.615249,0.10674783
2023-12-25,9.33461,1.3556248,47.790836,264.65286,229.11157,43034.973,0.000018188288,0.59308976,15.291259,11.245502,0.09178878,2264.9111,0.00003526029,40.677425,71.11628,0.84941345,3.8071866,3.5887208,0.0000013705353,8.655972,0.61334753,0.000010663914,112.44836,0.7165638,2.2021425,6.073777,0.106227614
2023-12-26,10.461691,1.3929834,48.359524,267.1788,234.92691,43638.234,0.000018803845,0.6257645,15.612646,11.94548,0.09454675,2273.6326,0.000037404337,43.319256,72.20929,0.91221875,4.2527037,3.3820667,0.000001413015,9.223868,0.6470876,0.000011021304,121.446594,0.8149006,2.2255754,5.893844,0.10593823
2023-12-27,10.13625,1.5052266,42.398186,323.4163,264.20648,43418.47,0.000014556729,0.632935,16.64237,11.983429,0.09354041,2376.7712,0.000037012884,39.07032,75.74784,1.040495,4.089891,3.9608047,0.0000014418322,8.696128,0.6350609,0.000010902007,106.97705,0.8311031,2.1597779,5.6226954,0.10527764
2023-12-28,9.638784,1.472766,39.867317,323.37396,262.13876,42600.652,0.00001507238,0.617682,16.051462,11.442458,0.09180675,2345.2607,0.000035531084,35.615757,76.43366,1.0018696,3.7704802,3.5944576,0.000001347055,8.457238,0.6346975,0.000010631968,102.25382,0.7982179,2.1887186,5.5559416,0.10549035
2023-12-30,9.676107,1.5069318,40.204987,313.6203,254.37851,42074.707,0.000014782794,0.6083869,15.528248,10.986637,0.090985544,2299.5261,0.00003522823,35.69525,73.29284,0.9718469,3.6172116,3.908366,0.0000013439337,8.285536,0.6230728,0.000010425632,106.25256,0.8043423,2.2373297,5.3206816,0.105784014
2023-12-31,9.431834,1.4854203,39.426216,317.4748,271.46866,42220.613,0.000014077867,0.6023832,15.197977,10.778006,0.09013267,2294.344,0.000035219717,37.488766,73.328,0.95256317,3.6740866,3.6157584,0.0000013118677,8.375782,0.62177217,0.000010466189,101.98884,0.81066436,2.3698592,5.253012,0.106024995
2024-01-01,9.401998,1.5546718,38.538784,312.13562,259.09494,42208.203,0.000013338294,0.59321165,14.920925,10.582716,0.08931213,2279.941,0.000034899018,35.7782,72.86093,0.96867675,3.6542583,3.70018,0.000001286294,8.179253,0.6135561,0.000010331062,101.333176,0.7770882,2.2745328,5.1346736,0.10763022
2024-01-02,10.234359,1.7702894,40.740135,312.1281,257.24872,44994.676,0.00001350667,0.60608524,15.195813,11.026665,0.09124348,2360.7822,0.000035542867,37.0224,73.00601,0.970076,3.9300756,3.7173798,0.0000013414367,8.417421,0.6278858,0.000010570334,106.66317,0.90484583,2.2575428,5.673249,0.10850103
2024-01-04,9.060615,1.9048275,36.75245,316.25687,233.88605,42821.56,0.000011590323,0.55684274,14.143247,9.924793,0.081936836,2211.171,0.00003133568,34.180298,65.26754,0.85422754,3.7660127,3.4646785,0.0000011904414,7.636034,0.58242434,0.000009545182,98.61862,0.8424851,2.19339,5.344267,0.10679532
2024-01-05,10.307039,2.006104,38.68112,323.1909,239.78893,44195.58,0.000011957701,0.56954634,14.544062,10.260686,0.08409107,2270.9775,0.000032513355,38.39747,66.47684,0.88295996,3.9145246,3.712274,0.0000012586834,7.8717237,0.5872262,0.000010005004,104.84078,0.85497856,2.1641538,5.4177957,0.10699747
2024-01-06,9.636522,1.9327697,36.38474,317.13608,239.47841,44113.7,0.000011089721,0.5393708,14.070065,10.286863,0.08267447,2267.087,0.000031680633,38.778366,66.02226,0.85043067,3.5320506,3.4177556,0.0000011986946,7.4453773,0.5758984,0.000009818712,99.79528,0.8937038,2.0784485,5.225147,0.10449651
2024-01-07,8.445426,1.7066664,33.57146,302.3443,232.04016,43883.742,0.000010307606,0.49266115,13.105073,9.408056,0.07823616,2220.1516,0.000029187473,36.334297,64.149284,0.79946816,3.1983912,3.174227,0.0000011082835,6.8937125,0.55180395,0.000008971991,88.924545,0.7989934,2.2103477,4.577458,0.10293609
2024-01-08,8.770106,1.8213024,36.06006,304.4079,254.10278,46936.188,0.000012151172,0.5405817,14.153296,9.956453,0.08129841,2331.6604,0.000030478015,42.21005,67.73895,0.84273994,3.4029675,3.4161122,0.0000011937454,7.47413,0.577396,0.000009579051,97.658745,0.86226773,2.2714782,4.9122267,0.104316674
2024-01-10,8.262033,1.8182101,34.674767,301.02588,245.1655,46105.945,0.00001401017,0.5107679,13.710265,9.648015,0.07926523,2341.1606,0.000029044855,40.131973,66.7748,0.80624014,3.209953,3.5947392,0.0000011937373,7.11475,0.5664177,0.000009623744,98.75151,0.79796433,2.189069,4.7351255,0.10268238
2024-01-11,8.887627,2.213143,38.534607,305.37292,254.35059,46632.312,0.00001613568,0.56792927,15.029927,10.407021,0.08305256,2588.769,0.00003168344,41.03245,69.95025,0.8979311,3.5804653,3.950375,0.0000013247651,7.9775047,0.60034996,0.00000998904,102.41348,0.8410402,2.26184,5.0424566,0.10538033
2024-01-12,9.453619,2.2639606,39.32511,308.28867,276.19095,46314.355,0.000016098373,0.5811387,14.997747,10.642711,0.08460341,2618.3298,0.000032374264,38.66709,71.875626,0.92525285,3.6192183,3.9791393,0.0000013674637,8.157164,0.6014826,0.000010136202,99.98591,1.0874802,2.228867,5.1065507,0.10606637
2024-01-13,10.014944,2.1795657,36.441875,302.19373,254.72603,42848.473,0.000015392736,0.54956,14.368335,10.217009,0.080994524,2575.9248,0.000030984505,39.18712,71.8961,0.8825703,3.405225,3.8176801,0.0000012507472,7.616807,0.5747835,0.0000098989085,95.63335,1.2930701,2.1120558,4.6011815,0.114104204
2024-01-14,9.69105,2.0296807,35.397694,299.4025,246.02638,41800.934,0.000014321406,0.5253876,14.796982,10.010839,0.07996967,2477.9375,0.000030057301,36.828533,69.72857,0.83768106,3.3162472,3.469545,0.000001198547,7.3326597,0.5757121,0.000009602419,94.11864,1.2610946,2.2840579,4.455634,0.11132816
2024-01-16,9.509359,2.1114013,35.632095,317.96912,250.71109,42587.336,0.000013725,0.5284594,15.212022,10.204933,0.08121504,2515.32,0.000030785817,40.964718,69.43887,0.8458417,3.304964,3.4513042,0.0000012059803,7.524014,0.5762027,0.000009566666,94.39674,1.3762227,2.441404,4.5731025,0.10880173
2024-01-17,9.402199,2.1537788,35.609924,315.4807,251.35687,43148.0,0.000014073851,0.5354463,15.272358,10.289557,0.0812638,2589.4827,0.00003146449,40.82671,69.553535,0.84544617,3.2359393,3.6045454,0.0000012398787,7.4902554,0.5758358,0.000009662053,97.55676,1.2769437,2.4157908,4.7631946,0.108120315
2024-01-18,8.720041,1.8883462,33.53956,314.56772,237.37964,41261.395,0.000012051664,0.5018281,14.654009,9.697614,0.077962376,2467.3289,0.000029212168,35.95088,67.9195,0.78453606,3.0726385,3.2112563,0.0000011413134,7.010881,0.5516546,0.000009196379,94.28013,1.1560252,2.2269397,4.0534244,0.10796714
2024-01-19,8.557951,1.8517485,32.63144,314.06744,236.29454,41600.94,0.000011952764,0.50155556,16.08668,9.702453,0.078519054,2489.6182,0.000029156157,35.995163,71.14433,0.7601932,2.9996326,3.1977003,0.0000011389947,6.862519,0.5439862,0.000009284615,93.3252,1.163577,2.2036128,4.191517,0.11047658
2024-01-21,8.53543,1.805509,32.818073,315.97626,238.8057,41626.105,0.0000116629435,0.5142145,15.722897,9.812594,0.087684475,2470.2637,0.000033747558,35.363415,71.22588,0.78344524,2.9508455,3.1793785,0.0000011656517,6.8885474,0.55271596,0.000009675213,92.58977,1.0981696,2.266867,4.1157594,0.10971331
2024-01-22,8.440851,1.8197104,32.56396,318.63257,236.98222,41541.9,0.000011393382,0.5035926,15.40874,9.63943,0.08532032,2454.9094,0.00003119377,36.017994,71.57115,0.78273785,2.9201174,3.1176817,0.0000011247104,6.815027,0.5467949,0.000009338555,91.16235,1.0673268,2.2237854,4.210911,0.10889878
2024-01-23,8.035111,1.6844063,29.440216,304.7222,234.8378,39504.73,0.000010387072,0.477238,14.515962,9.164546,0.08018019,2307.587,0.000028813058,33.83114,67.128334,0.7442707,2.6439636,2.9703727,0.0000010542788,6.322392,0.5254414,0.000008903353,83.43623,1.0683684,2.1146696,3.9264898,0.10893814
2024-01-24,8.57432,1.7360762,31.204134,293.35382,236.42184,40123.67,0.00001108065,0.4768509,14.239486,9.349149,0.07910139,2236.7393,0.000028827728,33.105667,66.245,0.7389086,2.6799192,2.8615494,0.0000010408716,6.4655457,0.51836383,0.000008901153,88.97404,1.2938577,2.1186016,4.0839696,0.10869046
2024-01-25,8.339176,1.7309855,30.462261,292.06042,236.82605,39938.285,0.00001126598,0.4666944,13.78636,9.225653,0.07794293,2219.6145,0.000028337867,31.798979,65.53704,0.73252696,2.698132,2.9333863,0.0000010263063,6.435559,0.5137859,0.000008858066,86.98335,1.1758142,2.0424292,4.0283165,0.1121325
2024-01-27,8.720564,1.8121921,32.27329,302.02267,241.76877,41862.938,0.000011834558,0.48461145,14.188128,9.630149,0.07973022,2268.8708,0.000029100443,33.77431,67.02749,0.7589764,2.9217033,3.069793,0.0000010860972,6.67189,0.53211266,0.000009029548,92.36475,1.4458077,2.0810344,4.324483,0.11443348
2024-01-28,9.126546,1.7966886,33.27007,305.7823,243.62367,42119.61,0.000011663629,0.4862832,14.34295,9.678501,0.0800883,2267.908,0.000029156326,35.051456,68.08164,0.78809047,2.9087095,3.0687642,0.0000010964771,6.66822,0.53001267,0.000009131169,94.07419,1.3913256,2.0851882,4.3098893,0.112464465
2024-01-29,9.2216,1.8531874,36.08626,310.74808,241.39134,43267.61,0.000012006332,0.5254688,14.986884,9.661783,0.081597485,2314.5947,0.000029210323,37.432682,68.46873,0.8129561,3.0071871,3.1633976,0.000001062801,7.0696983,0.5352891,0.000009199674,101.42,1.5668514,2.1131458,4.467336,0.1130623
2024-01-30,9.0749855,1.8858532,35.15735,307.3216,237.42534,42892.035,0.00001127329,0.5147459,15.437438,9.388155,0.079757206,2344.0015,0.000028596705,35.41895,67.4784,0.7994077,3.0078945,3.1586561,0.0000010134243,6.8480616,0.5109144,0.00000905027,101.49112,1.5471566,2.0836282,4.723076,0.112164125
2024-02-01,8.839181,1.7635807,33.15444,300.21332,234.21567,42583.26,0.000010652316,0.4977894,15.409997,9.09529,0.07869388,2282.4858,0.000027584003,33.87883,66.71784,0.7855336,2.8208294,2.9002736,9.1360033e-7,6.6493697,0.50279707,0.000008938983,96.9318,1.5206394,2.0658174,4.651771,0.1121961
2024-02-02,9.209385,1.7835248,33.817337,299.9114,236.54515,43069.043,0.000010722489,0.5054817,17.124666,9.1327095,0.07928008,2301.7373,0.000028149527,33.78766,67.48902,0.8104834,2.8519254,2.9724061,9.156451e-7,6.7889485,0.50595325,0.000009023366,97.79003,1.5286942,2.0743818,4.57873,0.115417875
2024-02-03,9.399998,1.7919978,36.695656,301.17435,236.22171,43170.66,0.000010535788,0.51416254,17.767216,9.159551,0.0792706,2307.433,0.000028024035,34.627728,68.004654,0.7978914,2.9009511,3.0095387,9.275375e-7,6.9306993,0.51006657,0.000009058695,100.46548,1.4634004,2.049388,4.402482,0.116250746
2024-02-04,8.824933,1.7340586,34.860836,304.76483,235.29047,42599.36,0.000010077763,0.49490228,18.192019,8.970652,0.07824448,2290.0845,0.000027284881,32.31745,66.90125,0.7743572,2.755319,2.9978995,8.8891903e-7,6.6734056,0.5033199,0.000008896413,95.47211,1.4677696,2.0483344,4.296912,0.11832868
2024-02-05,8.664576,1.7339948,34.511158,300.8117,235.35593,42648.457,0.000010145877,0.4933681,19.118967,9.043297,0.07818349,2298.67,0.00002739408,31.870768,67.60229,0.77925587,2.7467556,3.0911703,8.9648256e-7,6.7262335,0.50607467,0.000008883588,95.66802,1.5719182,2.0503087,4.4164867,0.1188821
2024-02-07,8.5942545,1.8309834,34.164703,302.80203,235.13855,43087.79,0.00000994663,0.49844134,18.302391,9.126286,0.078445114,2372.761,0.000028020788,31.24586,68.330986,0.80648375,2.734909,3.3223445,9.027758e-7,6.8052826,0.5051095,0.000008859477,96.92,1.519516,2.0506394,4.4531546,0.120888464
2024-02-08,8.787323,1.8951993,35.29003,307.8797,240.35133,44247.414,0.000010390874,0.5016767,18.899427,9.586105,0.08005062,2424.073,0.000028530734,32.84353,68.55341,0.83402544,2.8636537,3.3658724,9.631563e-7,6.93873,0.5133977,0.00000905297,100.86202,1.548178,2.055524,4.5698175,0.12336138
2024-02-09,8.761025,1.867466,35.454327,319.3108,244.36223,45338.27,0.000010385968,0.5285401,18.21812,9.637884,0.0798622,2420.9685,0.000028748636,32.910854,70.47517,0.8405381,2.927362,3.3066297,9.575514e-7,7.0222836,0.5140705,0.000009201385,102.90367,1.530725,2.0693727,4.791011,0.12189857
2024-02-10,9.073414,1.9574946,40.261486,322.83362,247.61816,47768.996,0.000013321985,0.55069184,18.943747,9.96892,0.08136518,2499.4922,0.00003086858,34.982574,70.75341,0.8485156,3.0467253,3.3626564,0.0000010145752,7.205675,0.5238154,0.000009414233,108.99146,1.7327391,2.0789738,5.1105704,0.12434542
2024-02-12,9.043614,1.9380417,39.69931,320.5105,276.34915,48189.883,0.000012313472,0.5407702,20.11125,9.730628,0.081093416,2505.077,0.000030801,34.990498,71.51323,0.83373314,3.1199126,3.5271826,0.0000010031782,7.0906386,0.52587986,0.000009388594,107.42381,1.6955693,2.0835834,5.163607,0.12422229
2024-02-13,9.178087,2.0754395,41.04676,327.9133,281.1077,50050.137,0.000013240673,0.5601793,20.496025,9.936916,0.08236975,2657.9905,0.00003203128,36.927315,72.928474,0.8817949,3.3943536,3.8273034,0.0000010762454,7.3367367,0.5321643,0.000009616509,112.03682,1.7664444,2.2367122,5.445789,0.1251443
2024-02-14,9.205216,2.0477662,39.785107,325.11172,270.9792,49732.145,0.000012560859,0.5455258,19.878042,10.309096,0.08114856,2641.5361,0.000032213677,34.76627,69.077065,0.8526557,3.2181222,3.7391617,0.0000010839852,7.3612943,0.52505803,0.000009474755,112.59911,1.864061,2.1748428,5.213984,0.12708144
2024-02-15,10.199132,2.0712845,41.611416,355.02747,270.6088,51958.23,0.000013905814,0.60791504,19.947655,10.336456,0.08539619,2826.8215,0.000033868822,34.059116,69.80232,0.8895367,3.386965,3.8673773,0.0000012429957,7.77147,0.5626708,0.000009877224,113.599396,1.869952,2.2077866,5.716981,0.13116603
2024-02-16,9.795072,2.0132809,40.315327,360.9579,274.8802,52166.434,0.0000132985715,0.59861183,19.56752,10.229732,0.08598419,2807.3716,0.000033712837,34.616234,70.58252,0.95308495,3.2844906,3.6506739,0.000001166259,7.6603036,0.5651227,0.00000988854,110.50155,1.8119351,2.1549604,5.7344694,0.13291185
2024-02-18,9.702124,1.9683217,39.741287,352.82913,267.40048,51684.516,0.00001282821,0.6084093,20.033304,10.271754,0.08360375,2788.5613,0.00003334322,37.56078,69.932884,0.928646,3.3321884,3.576965,0.0000011866875,7.6919584,0.549953,0.000009634879,108.92851,1.7660639,2.2358587,5.4330626,0.13591316
2024-02-19,9.683046,2.033814,40.22851,350.169,270.43835,52138.484,0.000013051369,0.6191364,20.089966,10.578046,0.08518649,2874.9453,0.000033920594,38.81841,70.740105,0.9962421,3.5126514,3.777753,0.0000012234518,7.8437448,0.55699897,0.000009733411,112.215416,1.7982309,2.2744412,5.513894,0.13525222
2024-02-20,10.093369,2.0537622,39.470886,351.8214,272.87817,51764.312,0.00001298536,0.63112885,19.82336,10.747602,0.089371055,2943.7231,0.000035267745,37.567234,71.33334,0.9953871,3.5366585,3.951157,0.0000012323505,8.032811,0.562361,0.000009879341,111.27809,1.7736596,2.2679434,5.46702,0.13637975
2024-02-21,9.233807,1.8809043,37.668266,378.9295,263.4072,51842.758,0.000011789616,0.59897166,18.570553,9.983182,0.08464044,2977.082,0.000033264227,35.0962,68.98702,0.9503371,3.2390373,3.7717314,0.0000011506411,7.4737043,0.549481,0.00000954969,105.342636,1.6918465,2.1186945,5.1646314,0.13991225
2024-02-23,9.234023,1.8137318,36.819504,382.1414,260.27612,51319.5,0.000011701196,0.5870301,18.141922,9.803365,0.08416759,2974.1316,0.000033687604,34.27141,68.81341,0.9925764,3.250407,3.6442673,0.0000012204166,7.4965625,0.5411904,0.00000954778,102.04178,1.7255744,2.0880923,5.076063,0.13905786
2024-02-24,9.124942,1.8065281,35.956074,375.42972,264.68323,50841.082,0.000011334412,0.5842533,17.954819,9.975117,0.08446411,2926.286,0.00003432484,32.985523,68.774216,0.98943895,3.366054,3.5194263,0.0000012006499,7.575802,0.53485614,0.000009519542,100.09195,1.6069304,2.0809853,5.191001,0.13818447
2024-02-25,9.46235,1.8445309,36.762127,381.92764,267.3786,51553.098,0.000011703991,0.59633857,18.507156,10.398634,0.0861037,2988.3174,0.000035398592,34.647205,70.372635,0.99459624,3.8552663,3.665098,0.0000013093025,7.8048825,0.5447789,0.00000963353,104.18873,1.6351086,2.1103563,5.404302,0.13740669
2024-02-26,10.13043,1.9293611,39.270683,401.2143,274.69913,54478.19,0.000013418009,0.6185477,19.099422,11.138716,0.089348495,3173.63,0.000043198936,36.73029,71.96382,1.0589375,4.0943975,3.829616,0.0000018018565,8.089296,0.5513003,0.000010096668,109.8451,1.6700151,2.1421287,5.787604,0.13982733
2024-02-27,9.952947,1.8935782,39.23157,395.05554,292.4067,57003.527,0.000014875967,0.6241653,19.049366,11.2108555,0.098227054,3242.0476,0.000051233576,40.103104,74.03252,1.0282542,3.9657214,3.7032466,0.000002641714,8.365815,0.58737534,0.000010938247,108.17696,1.6109059,2.1578548,5.9782453,0.142856
2024-02-29,12.251034,1.9044914,40.28865,416.25385,297.23105,62558.582,0.000018070874,0.631408,19.44422,11.455976,0.11662989,3380.804,0.000056552017,43.526913,74.752785,1.0121038,3.883406,3.77473,0.000003150562,8.372809,0.5765292,0.0000117654245,117.43028,1.5948056,2.5368242,6.121137,0.14230208
2024-03-01,11.769854,1.9466136,40.878227,399.7865,298.25714,61298.22,0.000022310885,0.6564418,19.283596,11.29379,0.11802465,3347.6904,0.000053757416,40.959892,80.01044,1.0019921,3.868656,3.6994114,0.0000027330082,8.24845,0.5872867,0.000012604031,125.681816,1.6817958,2.4841027,5.7494216,0.1404759
2024-03-02,11.866576,1.9857802,42.683292,407.34885,315.4507,62426.64,0.000025139334,0.71496195,20.036634,11.610817,0.13902493,3431.752,0.00008777868,45.38661,84.95525,1.0238591,3.9538898,3.754072,0.000003957844,8.641158,0.6016178,0.000016524375,130.04706,1.6913887,2.7102892,5.7886443,0.14152236
2024-03-03,11.610896,2.0450335,42.57387,414.1969,469.21744,63053.105,0.000026534482,0.72764915,20.49979,12.156215,0.1539125,3487.191,0.00014718049,40.75767,90.67959,1.0896741,4.423522,3.9900074,0.000005881668,9.79544,0.6266995,0.00002253239,130.30612,1.5598017,2.6767771,5.6361313,0.14071594
2024-03-04,12.14374,1.9834678,43.08267,420.00757,468.52045,68186.65,0.000037844686,0.77226955,20.481916,12.508882,0.18248479,3634.311,0.00014424346,40.925606,88.96659,1.1492335,4.3463387,3.9144926,0.0000070533893,9.926463,0.6511778,0.000035411922,133.32372,1.4897437,2.741695,5.5597267,0.14054786
2024-03-06,13.783732,1.9782013,39.719597,396.65674,403.50455,64291.535,0.000031258925,0.6972076,19.044144,12.037736,0.15577456,3581.535,0.00011749989,37.913143,82.42212,1.0385653,4.2732954,4.502744,0.0000064161904,9.371629,0.59528327,0.00003628841,126.39112,1.4049271,2.5979629,5.138546,0.1363597
2024-03-07,13.65624,2.05571,41.56003,428.80212,415.53665,66145.92,0.000030097635,0.73362595,20.08947,14.189251,0.15826674,3822.3657,0.00013242039,38.848812,85.74459,1.1174055,5.846394,4.5596566,0.0000072461803,10.508518,0.61291593,0.00003360917,130.66707,1.476804,2.6854765,5.2779694,0.1378668
2024-03-08,13.293467,2.1396725,42.7277,485.3064,436.52444,68315.25,0.000032057054,0.7247375,19.734837,13.373431,0.16491093,3893.6138,0.00023425574,41.55594,88.36237,1.1264015,5.7476726,4.489229,0.000009113823,10.681232,0.62148243,0.000035370358,145.19147,1.5505164,2.8410845,7.2610216,0.13700551
2024-03-09,13.200162,2.0996065,43.08732,490.13736,433.9722,68508.01,0.000034146553,0.7449746,20.048227,13.384009,0.17960969,3916.0413,0.00024086278,41.00766,90.9505,1.1566011,6.2219257,4.693959,0.000008828816,10.538196,0.62251425,0.00003510286,144.81715,1.5875372,2.8732338,8.224139,0.13608193
2024-03-11,12.743232,2.0693634,42.015476,528.9502,423.41745,69075.664,0.00003092618,0.7160579,21.638353,13.12758,0.1694694,3887.4731,0.0002734269,40.072952,87.52017,1.2277966,5.95838,4.543399,0.000008527003,10.2731285,0.60855603,0.000032796306,144.25772,1.5545564,2.8155355,8.568168,0.13393456
2024-03-12,13.492747,2.0845048,48.804207,522.84204,449.09995,72130.555,0.000031106734,0.7749753,21.299952,13.716894,0.18234043,4070.604,0.00029733157,42.5686,103.824684,1.2436929,6.664864,4.5871863,0.00000905147,11.060674,0.71704924,0.00003386149,148.79327,1.5746994,3.3158183,9.947706,0.13368177
2024-03-13,13.352228,2.0175707,55.460022,539.40424,433.46585,71467.17,0.000028804805,0.7481917,20.661516,13.428955,0.16818263,3978.6858,0.0002699106,51.555336,97.44034,1.1805177,7.9814777,4.357474,0.000008269093,10.736313,0.6886932,0.00003217691,150.72987,1.5962182,4.0765004,10.444899,0.13140361
2024-03-14,14.304796,2.0142262,54.20148,603.26575,440.61652,71420.03,0.000034268043,0.7505501,20.89479,13.610626,0.17736709,3879.0383,0.00027867977,48.106773,94.03854,1.2193561,8.81594,4.196476,0.000010025238,11.463163,0.6691754,0.000032277043,176.223,1.5708364,4.0286036,10.297754,0.12889606
2024-03-15,15.0395355,1.8861381,58.240067,621.6567,416.59177,69497.766,0.000029684032,0.7270114,19.586294,12.623398,0.16328412,3738.381,0.0002679677,44.29696,89.76486,1.1412332,7.496166,3.8083432,0.000008951167,10.822176,0.63426375,0.000029900346,183.92429,1.4880279,3.9007776,9.30742,0.12625974
2024-03-17,13.237736,1.7473613,53.36,575.4381,388.01385,65292.312,0.000025061818,0.6582371,18.076553,11.9063225,0.1420376,3514.2224,0.00021105842,40.682213,83.9903,1.041013,6.7209086,3.5274727,0.000007357087,9.671338,0.6023073,0.00002505759,180.80174,1.616807,3.522878,8.15365,0.12488433
2024-03-18,14.035538,1.7276237,58.010746,572.0297,402.27216,68425.414,0.00002815098,0.6817721,18.64971,12.284086,0.15413083,3643.2803,0.00022248577,42.904602,86.00086,1.0877916,8.170118,3.5878594,0.000007836189,10.072185,0.619147,0.000029299448,202.5189,1.600162,3.8699453,8.947668,0.12657416
2024-03-19,14.426669,1.6235893,60.391872,554.20734,402.41003,67708.945,0.00002359354,0.6623282,18.339926,11.742392,0.14406136,3525.8936,0.00019245196,38.420956,87.45168,1.0307152,7.0147276,3.3052456,0.000006817143,9.910633,0.65390664,0.000026884452,196.34529,1.5265869,3.8332505,8.242887,0.12398865
2024-03-20,15.503408,1.7477907,57.10351,556.5082,409.07877,67819.055,0.000024568055,0.63913995,18.374779,11.742078,0.15129754,3515.6885,0.00023474857,39.1599,84.79545,1.0087584,6.8899093,3.5419645,0.000008424169,9.488137,0.6117016,0.000027707354,191.44188,1.7477108,4.2305775,9.385362,0.12087378
2024-03-22,15.0185795,1.6852971,53.993534,553.72253,414.15668,65535.977,0.000022831198,0.6327763,18.43231,11.63921,0.15559849,3493.4304,0.00021482327,37.13547,85.8073,0.99485606,6.4591947,3.4276657,0.000007905087,9.177733,0.64132905,0.000027194366,179.55446,1.8245095,4.065992,8.404285,0.12105843
2024-03-23,16.302439,1.5994952,53.074284,549.8608,426.69128,63509.047,0.000021639922,0.6123038,18.2298,11.3747,0.1520937,3322.8914,0.00022653189,35.114635,83.16238,0.96839064,6.4558363,3.4055316,0.000007390506,8.903507,0.6105735,0.000026438518,173.45564,1.7149944,4.4491954,8.044913,0.11719464
2024-03-24,16.138084,1.6032077,53.55837,554.1644,457.14014,64285.805,0.000022157854,0.62620723,18.117453,11.373568,0.16245048,3353.3713,0.00022992225,35.093838,85.6273,0.9824637,6.643302,3.4532356,0.000007335174,9.015143,0.6181208,0.000027260847,173.45377,1.6481916,4.8369823,8.0869665,0.11852272
2024-03-25,17.301668,1.7234783,57.62838,586.4285,488.03827,69938.945,0.00002522628,0.65619993,19.349504,12.188204,0.17506203,3588.4934,0.00024120483,37.805748,90.228325,1.0441484,7.457379,3.861102,0.00000809795,9.726849,0.6400376,0.0000286669,188.99686,1.70481,5.3552904,9.030619,0.12043246
2024-03-26,18.140339,1.7016462,55.905605,580.85205,480.61713,70082.055,0.000026984982,0.66537905,20.03646,12.229098,0.18252885,3591.5486,0.00024227327,39.09127,95.78753,1.046957,7.666951,3.927881,0.000008044893,9.700408,0.6328659,0.00003069947,191.23615,1.8875428,5.037994,9.487808,0.12086315
2024-03-28,17.763548,1.6582332,54.24446,575.5479,541.6415,69435.75,0.000025923593,0.6481573,19.330902,12.644961,0.18966328,3505.218,0.00022547798,37.953842,93.68112,1.0092353,7.2620335,3.6697392,0.00000764419,9.443198,0.61230165,0.000030150226,186.13895,2.0909183,4.9702888,8.900939,0.11967267
2024-03-29,17.34556,1.6642638,54.580544,583.2908,568.61255,70710.195,0.000028282688,0.6501764,19.163185,12.324488,0.21990263,3560.2615,0.00025171982,38.387775,94.16464,1.0016533,7.1958914,3.7191775,0.00000797657,9.520502,0.6240807,0.000032002183,189.575,2.0234497,4.9089937,9.283101,0.12033694
2024-03-30,17.25603,1.6468982,53.449123,616.58295,621.97144,69919.055,0.000026414647,0.6642439,18.999212,12.554308,0.21312296,3516.096,0.00024068216,36.690517,109.27095,0.99149674,6.97455,3.6172166,0.000007759497,9.588641,0.6305849,0.000030845495,192.02727,1.9093105,5.0203857,8.767961,0.12002825
2024-03-31,17.051641,1.6611599,54.080116,606.626,680.3445,71246.95,0.000028010865,0.6504498,19.109623,12.284917,0.22025496,3644.7676,0.00024840166,36.78282,105.1407,1.0029079,7.279971,3.6868844,0.0000087780445,9.629575,0.62896264,0.000030738578,202.81433,1.9144999,5.4111605,8.69785,0.12289874
2024-04-02,16.74598,1.5707897,51.496002,577.95734,650.70074,69785.92,0.00002587691,0.62224007,18.394197,11.661452,0.20577051,3508.2478,0.00023396529,34.273106,99.56579,0.9524791,6.7665353,3.5020492,0.000007951447,9.171289,0.6121527,0.000028680179,192.72525,1.941136,5.353195,8.219184,0.120634265
2024-04-03,14.702924,1.4505917,46.881397,550.8593,638.8804,65440.418,0.000022688062,0.58037215,17.977026,10.976464,0.18253537,3274.9011,0.00020946999,32.692078,106.93147,0.90001696,6.2235255,3.1619473,0.000007261434,8.582672,0.5852372,0.00002640525,181.44095,1.7344958,4.860697,7.6038694,0.11666532
2024-04-04,14.195281,1.4766619,45.965782,563.5992,595.53595,66123.94,0.000022484637,0.57174665,17.724945,10.857715,0.17560452,3316.6829,0.00019930658,32.974937,98.77576,0.89566857,6.6231585,3.0623932,0.0000068276668,8.435878,0.5753905,0.000026388356,185.51117,1.6722382,4.9693513,7.3602962,0.11728236
2024-04-05,13.155814,1.4361135,45.43172,580.0675,659.1806,67978.61,0.000021887487,0.5756851,17.341738,10.935431,0.17802534,3320.2815,0.00018864959,34.331387,98.16819,0.88562703,7.2250457,2.8759377,0.000006598784,8.402213,0.58805823,0.000026846148,175.16817,1.6129234,5.3434567,7.4891195,0.117905535
2024-04-06,13.235796,1.4899915,48.152554,585.394,695.33624,69000.65,0.00002274833,0.5837566,17.563364,11.117876,0.18569295,3362.8389,0.00019594676,34.831203,101.242065,0.89817774,7.0211773,2.994133,0.0000067833566,8.496117,0.59339917,0.000027512493,178.9597,1.6260148,5.477981,7.582847,0.11951395
2024-04-08,13.631683,1.5280533,49.119442,584.29895,684.1785,69401.98,0.000023558438,0.5889144,17.918116,11.077516,0.19949827,3453.436,0.00020547706,35.269062,101.08836,0.9122344,6.914666,3.1910267,0.000007459272,8.701325,0.5946706,0.00002823786,179.58218,1.6398631,5.369537,7.4127164,0.120511666
2024-04-09,14.284143,1.5713978,49.92076,587.45685,680.32574,71624.19,0.000024412577,0.6139465,18.093914,11.303526,0.2027275,3695.2395,0.00021549691,35.66505,103.25069,0.9459205,7.356204,3.3624325,0.000007767654,9.035447,0.6155435,0.000028747949,180.64287,1.711805,6.363346,7.781208,0.122958764
2024-04-10,12.737578,1.4829437,46.511898,581.16473,673.52435,69158.64,0.000022292217,0.59222037,17.361185,10.859715,0.18892625,3503.6536,0.00019875566,33.17303,97.581696,0.8978506,7.207719,3.0424342,0.000007035555,8.661393,0.61369395,0.000027482934,172.54663,1.5778195,6.6838923,7.3593416,0.12104021
2024-04-11,11.863344,1.4180608,46.06669,605.5067,614.3657,70106.664,0.000021734762,0.5861803,17.551937,10.761138,0.19411196,3508.5786,0.00019194752,31.90942,98.711395,0.8786769,6.8121576,2.9418845,0.000007330037,8.372889,0.6088535,0.000027544405,172.69615,1.4903386,7.266935,7.1774907,0.12037861
2024-04-12,9.822432,1.176152,39.42991,596.65814,534.58386,67252.1,0.000017376382,0.50453436,15.176765,9.40824,0.17480332,3245.5005,0.00015909047,26.750736,86.292015,0.7669655,5.7958064,2.4573286,0.0000059593795,7.245915,0.5484623,0.000024806473,153.76828,1.2434651,6.690421,5.8685527,0.11498697
2024-04-14,8.801218,1.0370686,34.17359,557.2794,482.77878,64404.824,0.000015529014,0.44902796,13.3750925,8.096,0.15387188,3022.0059,0.0001346489,23.506456,77.64275,0.65674865,5.2515454,2.125318,0.000005097007,6.4468274,0.480867,0.000021308442,140.18115,1.0700425,5.980649,4.9819775,0.11027446
2024-04-15,9.554421,1.1813473,37.467667,567.90216,528.7906,65752.66,0.00001628439,0.46872652,14.119661,8.367757,0.16249952,3157.6838,0.00015130895,26.126347,79.9727,0.7132869,5.7026205,2.326894,0.000005466897,6.8772993,0.50513947,0.000022740316,151.54672,1.1975679,6.7480955,5.4109597,0.11262034
2024-04-16,9.2675705,1.1539512,34.786575,536.8349,487.2452,63720.5,0.000014680775,0.4583592,13.50462,8.162684,0.15591204,3083.706,0.0001419642,25.004375,79.804756,0.7034495,5.497212,2.2414868,0.0000054087313,6.700735,0.4964339,0.000022678278,136.41605,1.2254516,6.3363123,5.0882487,0.11183171
2024-04-17,9.156768,1.1064562,33.61012,535.0175,464.6305,61328.9,0.000013943158,0.44458988,13.147801,8.050273,0.1478899,2982.6157,0.00013375729,26.09092,80.19592,0.6683826,5.4253287,2.165362,0.0000049251985,6.5840473,0.49479786,0.00002211679,132.53116,1.2570645,6.0777054,4.7705016,0.1097345
2024-04-19,9.486736,1.1383868,34.825577,551.58075,482.9544,63461.594,0.000014721239,0.45782766,13.881634,8.20279,0.15196025,3064.9116,0.00013841887,27.614359,80.77398,0.6765286,5.703475,2.2229946,0.0000050846797,6.781199,0.5026302,0.000022767816,142.13171,1.2513734,6.5131087,4.892129,0.10927855
2024-04-20,9.450445,1.1272358,34.805645,556.76636,478.3715,63988.82,0.000014916481,0.4699167,13.992089,8.17751,0.15604399,3065.6826,0.00013998237,28.175768,81.06874,0.6747501,5.601418,2.2403462,0.0000051429447,6.699939,0.5043369,0.000022912733,143.24496,1.3387443,6.1020436,5.414523,0.11008499
2024-04-21,10.235922,1.2139006,38.22249,570.61835,514.91943,64894.418,0.000019527975,0.5047836,14.936808,8.646504,0.1625865,3152.1914,0.00016649283,29.713972,85.06646,0.73638093,6.213207,2.50424,0.0000057820616,7.21301,0.5286489,0.00002624527,150.51709,1.4294735,6.1971,5.6386237,0.11105187
2024-04-22,10.181181,1.2091379,39.21935,605.2563,522.184,66841.664,0.000020252826,0.51636946,15.461315,8.923882,0.1611571,3199.7695,0.00017644012,28.669153,85.4404,0.7434284,7.0276794,2.5501788,0.0000068874365,7.474888,0.55608034,0.000026894235,156.99217,1.3917787,5.941822,5.6988626,0.11228208
2024-04-23,9.774178,1.1771553,38.2659,606.999,505.61246,66406.95,0.000024627385,0.5004445,15.198035,8.70917,0.15992312,3218.9673,0.00019277385,28.036205,85.12915,0.7282275,6.8949585,2.491558,0.000007679754,7.2449822,0.5453395,0.000026760072,154.69386,1.3228602,5.699015,5.685395,0.11334044
2024-04-25,9.148873,1.1163199,36.376064,607.5531,479.08374,64279.52,0.000024446095,0.47489896,14.533209,8.409307,0.15131286,3138.8145,0.0001842065,26.455704,83.094666,0.70466113,6.8815427,2.4207745,0.000007268422,6.9325614,0.5271464,0.000025644227,147.74509,1.251104,5.543895,5.3833733,0.113216825
2024-04-26,9.035408,1.0916338,35.586365,614.4011,478.74536,64486.184,0.000027161945,0.47057882,14.597684,8.329429,0.15154478,3157.6194,0.00018746074,26.534302,83.79666,0.7202671,7.148872,2.4185758,0.000007818891,6.861354,0.5254278,0.000025713995,144.98793,1.2242906,5.406348,5.5126896,0.11722415
2024-04-27,8.849058,1.0650991,34.412506,597.8836,482.6002,63802.33,0.00002550221,0.4624345,14.477424,8.293283,0.14782873,3131.4192,0.00018248879,25.539087,87.98689,0.7028181,6.9196396,2.3309724,0.000007351727,6.757492,0.52594155,0.000025231364,139.259,1.1739397,5.33596,5.3288727,0.12004321
2024-04-28,8.976452,1.1001687,33.921,599.57513,470.2857,63030.434,0.000025022413,0.4599421,13.786734,8.195565,0.14666942,3259.5034,0.00016975455,25.755869,83.92753,0.7208799,7.0517178,2.6310134,0.0000072124926,6.7141833,0.5100105,0.000024217776,137.71788,1.2164749,5.4001184,5.1041856,0.12135957
2024-04-30,9.100024,1.0578258,35.44238,593.2491,465.49176,63797.68,0.000025472205,0.45707637,14.061254,8.148789,0.14346401,3213.689,0.00017041982,25.855518,83.47488,0.70490295,6.8676653,2.4948134,0.0000073498395,6.5909157,0.51487094,0.000024141907,137.67148,1.1918769,5.30596,5.1051593,0.11898414
2024-05-01,8.704941,1.0227219,32.73187,578.1899,434.53867,60749.473,0.00002267134,0.44095415,13.135897,8.475876,0.13340141,3018.5496,0.00015670322,23.739838,79.54646,0.66739935,6.1811852,2.53715,0.000006682016,6.424119,0.50017756,0.00002243217,127.039085,1.1420377,5.161773,4.842824,0.119341016
2024-05-02,8.939751,1.033411,33.231167,562.2202,424.11417,58297.574,0.000022997958,0.4495509,13.323533,8.756583,0.13018966,2976.09,0.0001589409,23.7218,79.95607,0.69042087,6.1553535,2.8262064,0.000007017737,6.8557963,0.5160165,0.000022625383,134.75362,1.147889,4.887943,4.8444643,0.12017797
2024-05-03,9.068874,1.0663997,35.571754,586.4329,452.95016,62839.34,0.00002718128,0.46711493,14.107737,8.75944,0.14598538,3102.1514,0.00017462287,24.937157,81.865685,0.7325107,6.8751745,2.8609297,0.000008099961,7.255245,0.53153014,0.000024448998,143.54987,1.1124223,5.681514,5.3228297,0.12274992
2024-05-04,9.119777,1.0616089,37.356647,585.70917,463.0557,63820.453,0.00002753207,0.46307576,14.317349,8.685483,0.15995477,3115.0234,0.00019225806,24.634851,81.6812,0.7292224,6.8775983,2.8821054,0.000008661904,7.1238403,0.5300106,0.000025037305,146.11104,1.0898983,5.7410545,5.272407,0.12230816
2024-05-06,9.234892,1.0707604,37.40619,591.5697,469.18167,64010.008,0.000026387976,0.45805925,14.365396,9.30233,0.16087465,3136.5752,0.00018771894,24.212032,81.36785,0.7342228,7.4887886,2.8975167,0.000008494309,7.3054733,0.5294979,0.000024698245,145.68571,1.0938381,5.965702,5.2216296,0.12109148
2024-05-07,8.99266,1.0614154,37.13641,587.9975,473.25412,63172.48,0.000024942594,0.4541691,14.506571,9.204013,0.15653647,3064.5913,0.00017915752,25.57132,80.74231,0.7104798,7.3100104,2.771408,0.000008336515,7.12125,0.54040235,0.000023872795,152.65486,1.0940295,5.7803116,5.3675776,0.11860934
2024-05-08,8.787588,1.0286865,35.350224,577.82074,471.28857,62363.06,0.000023802231,0.44171923,14.029189,8.970986,0.15025555,3015.1597,0.00017223656,24.749807,80.83407,0.6933376,7.1316113,2.679018,0.000007944667,7.002851,0.52468836,0.0000230391,148.18698,1.0810049,5.699457,5.302393,0.12056619
2024-05-09,8.819636,1.0407021,35.06124,596.3634,455.15524,63148.6,0.000024611629,0.46369916,14.24372,9.123297,0.1520846,3038.3447,0.00017975652,24.002789,83.01887,0.6943785,7.4686313,2.6591952,0.000008549701,7.0488634,0.52111185,0.000023515655,152.72554,1.0259194,6.3745985,6.289014,0.12628691
2024-05-11,8.46147,0.9957674,33.707245,585.6321,426.6194,60888.215,0.000022906539,0.44843724,13.567791,8.65761,0.14405365,2910.6846,0.0001688333,24.853981,80.24465,0.6720007,7.272388,2.5179234,0.000008415972,6.753067,0.5022258,0.00002242981,146.3105,1.0081582,6.77969,5.9475727,0.12739417
2024-05-12,8.382659,0.9991353,33.45585,591.5323,429.08328,60776.973,0.000022860077,0.4385724,13.288953,8.500944,0.1428094,2908.9827,0.00016941481,23.668335,81.28306,0.67580026,7.0131197,2.5305312,0.000008475291,6.6547103,0.5054657,0.00002247968,145.30835,0.992034,6.888759,5.8149176,0.12635045
2024-05-13,8.349973,0.9975493,33.16695,594.0479,433.25208,61507.055,0.000022806438,0.43778092,13.543141,8.503514,0.14115754,2931.3105,0.00016959729,23.498425,81.380356,0.670953,6.8878794,2.5267756,0.0000087545195,6.6215587,0.499639,0.000022315771,143.58731,1.0032434,6.949012,6.1002903,0.12734088
2024-05-14,7.7942023,0.9346592,31.57573,566.65405,428.8998,61569.113,0.000022898985,0.4278948,12.982057,8.123633,0.1454218,2881.796,0.00018857626,21.34529,78.74817,0.6491224,7.0214205,2.3952382,0.000010511298,6.4761143,0.49970266,0.000022952583,142.08449,0.89489037,6.8506074,5.5285325,0.1253847
2024-05-15,8.485017,0.995245,34.632214,582.27765,464.4774,66220.516,0.000024860583,0.4528649,13.889619,8.481246,0.15570985,3035.759,0.00021163622,23.570173,82.62359,0.686025,8.043096,2.4812965,0.000010557314,6.958952,0.51859415,0.000025235931,158.01312,0.99127877,7.003331,6.28473,0.12630855
2024-05-17,8.379553,0.97232914,34.483585,569.1834,444.85645,65260.88,0.000023918843,0.45958206,15.500365,8.528844,0.14971107,2943.5852,0.00020650239,23.427698,82.45945,0.6943101,8.015337,2.3667772,0.000010054611,7.0280495,0.51579624,0.000024519337,159.14534,1.0265992,6.7617316,6.423405,0.12508097
2024-05-18,8.59252,1.0343918,36.44446,581.35284,466.38562,67053.125,0.000024467421,0.48173574,16.26587,8.667006,0.1556714,3095.9968,0.0002108436,24.782276,84.17114,0.71436465,8.043907,2.5708537,0.000010202587,7.1997533,0.5242032,0.000025037389,169.49971,1.0782974,6.612628,6.8179984,0.124525934
2024-05-19,8.572629,1.0175081,37.169224,579.67334,475.59256,66912.62,0.000026270867,0.4820459,16.294498,8.600466,0.15298477,3120.5493,0.00020384097,24.967487,83.83221,0.7090529,7.920931,2.5483284,0.000009541559,7.152057,0.5208113,0.000024754028,172.45084,1.0808158,6.3975883,6.8313313,0.122980446
2024-05-20,9.074793,1.1233048,40.140175,600.7778,515.13574,71430.3,0.000030395813,0.5017231,17.311462,8.919624,0.16523515,3656.3901,0.00021468461,28.156239,88.569145,0.7504921,8.275442,2.895695,0.000011238527,7.568548,0.5372648,0.000025986034,186.32492,1.1450933,6.5526285,7.294641,0.124428265
2024-05-21,9.315277,1.2031331,41.159676,618.8193,514.8006,70189.836,0.000032873977,0.49472192,16.752554,8.813819,0.17077054,3792.4863,0.00023012086,27.629707,88.22055,0.72971845,7.8166513,2.831255,0.000013809358,7.611402,0.5370022,0.000026071868,178.1745,1.1387483,6.3333273,6.8224263,0.12365715
2024-05-23,8.992602,1.1432062,39.97399,614.71936,498.84857,69181.2,0.000032232838,0.4832019,16.34647,8.553243,0.16610709,3741.8977,0.00022305606,27.260405,85.708374,0.7238776,7.9730945,2.665326,0.0000133444,7.4524775,0.5265438,0.00002530126,176.86885,1.1058049,6.537926,6.5186067,0.12012859
2024-05-24,8.926044,1.1970686,38.531124,598.79913,490.71603,67906.47,0.000035185432,0.46534276,16.58843,8.363728,0.15961778,3766.3982,0.0002265125,26.133759,85.42583,0.74200326,7.6869483,2.615132,0.000014922803,7.204261,0.5290688,0.000024584657,176.06406,1.0736275,6.2103143,6.287651,0.115208976
2024-05-25,9.097347,1.19056,38.283764,602.1853,493.37186,69268.445,0.000034959212,0.46197796,17.435623,8.488434,0.17289907,3750.0771,0.00022477128,25.327066,84.96014,0.7296269,8.202869,2.5513816,0.000014937885,7.4282002,0.54146326,0.00002500108,168.3698,1.0621567,6.375528,6.643669,0.11373869
2024-05-26,9.0465355,1.1945366,36.768803,600.00995,484.00946,68508.83,0.00003389659,0.4583045,17.04863,8.406822,0.16620927,3825.278,0.00022502866,24.859642,83.91177,0.7166635,7.802987,2.5359154,0.000015952437,7.553217,0.5282324,0.000024322364,163.3586,1.0417656,6.3151956,6.6918626,0.11313445
2024-05-28,9.637912,1.2314669,38.22217,603.738,489.16162,69367.24,0.000039112652,0.46795794,18.788916,8.680532,0.16912691,3893.392,0.000277448,25.72916,85.228516,0.7434903,7.81237,2.5900521,0.000016646609,7.628028,0.5339956,0.000025487918,169.81442,1.0717939,6.38675,6.900999,0.11247944
2024-05-29,9.342646,1.2003231,37.012928,601.0272,469.8759,68316.63,0.00004119696,0.45682624,18.515953,8.710474,0.16501494,3840.689,0.00029504803,26.253588,83.38534,0.7317655,7.7063317,2.547181,0.00001599287,7.366803,0.52808994,0.000026657894,168.75056,1.0309795,6.4669814,6.724128,0.111160256
2024-05-30,9.078217,1.1395944,36.144978,595.1907,465.5434,67577.266,0.00003640333,0.45073873,18.455038,8.624891,0.16369393,3765.3025,0.00026779136,26.453314,83.509895,0.7140928,7.5680394,2.487507,0.000014720376,7.1690693,0.5230226,0.00002761564,168.13547,1.0154213,6.494971,6.605916,0.111941986
2024-05-31,9.150403,1.1208582,36.089245,593.70734,455.21356,67474.95,0.00003451459,0.44753557,18.415443,8.314104,0.15911552,3761.0693,0.00025626074,24.462828,83.26222,0.6949455,7.2535024,2.46269,0.000015441048,6.986739,0.5180168,0.000025447649,165.91353,1.0256046,6.359331,6.0859265,0.11206639
2024-06-01,9.071955,1.1327378,35.772728,600.92395,463.06104,67704.33,0.000033194097,0.4498698,18.408539,8.324164,0.16015308,3813.4524,0.00025259552,24.4937,83.41964,0.6983818,7.3691726,2.4730024,0.000014854713,7.058331,0.5180394,0.000025282028,165.96324,1.0247117,6.297774,6.0099053,0.112482384
2024-06-03,8.915577,1.1113975,34.935,602.94714,458.37918,67740.016,0.00003173088,0.4463839,18.126242,8.285121,0.15701638,3780.712,0.00024392895,24.21642,82.98686,0.6895389,7.187357,2.383757,0.000014567562,6.9810266,0.51311755,0.00002462079,163.11855,1.0155118,6.811063,5.916552,0.11470521
2024-06-04,8.921772,1.1048105,35.03673,626.5646,464.7424,68808.3,0.000032008254,0.45680532,17.592419,8.336766,0.15821932,3766.6377,0.00026884576,24.989927,82.81794,0.7044763,7.1181965,2.4015296,0.000014435928,7.011128,0.52006125,0.000024416348,164.81255,1.0404437,6.805827,5.983827,0.11341787
2024-06-05,9.328941,1.1246145,36.53598,699.92413,495.59445,71184.6,0.000033917047,0.46167845,17.756664,8.701061,0.16350798,3871.082,0.00030890384,26.82764,85.47663,0.72544724,7.660889,2.5264041,0.0000145762215,7.2540355,0.5262661,0.00002593391,173.76958,1.1048628,7.206922,6.246244,0.114695385
2024-06-06,9.095792,1.0893097,35.92617,710.04346,495.6005,70759.586,0.000031762156,0.45814902,17.269737,8.618837,0.16016795,3812.702,0.00032238787,28.101015,84.200676,0.72562546,7.340025,2.4834578,0.00001439283,7.1416674,0.52167267,0.00002525726,170.37273,1.1131244,7.5315714,6.0165334,0.11471095
2024-06-08,8.58902,0.9994278,33.50991,683.3383,477.97482,69325.36,0.000028863873,0.4494969,16.3292,8.0981045,0.14830694,3679.3767,0.00028289488,27.742449,80.10318,0.6669619,6.8809385,2.2595928,0.000012822939,6.6589665,0.49886054,0.000023700777,162.4532,1.0782423,7.2081475,5.5606475,0.112704076
2024-06-09,8.130424,0.9677307,32.300385,682.7828,469.84073,69315.1,0.000027529291,0.43671075,15.948056,7.762844,0.14610915,3683.0254,0.0002796566,26.91009,80.00575,0.650091,6.5709176,2.170781,0.000012135346,6.387608,0.49317327,0.0000232428,158.18076,1.1059153,7.0149503,5.3643384,0.11475318
2024-06-10,8.547205,0.979257,32.96002,673.4953,474.39163,69654.164,0.000028620494,0.44421735,16.370216,7.879138,0.14677766,3705.9,0.0002796295,27.86193,80.545456,0.65577555,6.5933886,2.2306168,0.0000127643925,6.5194006,0.4985483,0.000023499615,162.0637,1.0938208,7.111565,5.3371916,0.11687664
2024-06-11,7.9728065,0.9372479,31.525063,601.6893,446.23758,67329.15,0.000027209295,0.4218317,14.983785,7.5161767,0.13805063,3498.556,0.00023696353,27.212387,77.25251,0.6178714,6.0659933,2.0570734,0.000012778079,6.379576,0.48025456,0.000021609378,149.30185,0.9934121,6.939124,4.8912635,0.116449535
2024-06-12,8.239775,0.9719997,33.256268,618.83875,454.33432,68224.52,0.000028946748,0.4376222,15.994447,7.775465,0.14608549,3559.4475,0.00021879081,31.278198,78.42334,0.6438634,6.394021,2.146503,0.000013171312,6.740837,0.49142417,0.000022209753,154.85704,1.0179086,7.4485598,5.093844,0.11641564
2024-06-14,7.871702,0.9363771,30.962486,599.1567,431.22266,66700.32,0.000025612359,0.42074645,15.1211405,7.4285564,0.14098978,3465.3167,0.00020544753,28.86131,79.10513,0.6039171,5.9106283,2.011133,0.000011870857,6.360797,0.47651708,0.000021170243,147.23468,0.96404046,7.736521,4.745525,0.11679498
2024-06-15,7.686695,0.9118298,30.301905,603.05383,422.6264,66011.08,0.000024239234,0.41154227,14.741039,7.1141663,0.13495116,3478.775,0.00020069227,26.149126,77.53192,0.5907928,5.57939,2.0005865,0.000011373614,6.16293,0.47410992,0.00002028199,143.02144,0.92991185,8.17093,4.672721,0.116386406
2024-06-16,7.8700395,0.92193836,29.967632,607.8066,429.61475,66190.484,0.000024435454,0.41371897,14.85987,7.143002,0.13655894,3565.1233,0.00020271972,25.511284,79.19129,0.617281,5.6006145,2.0989397,0.000011809275,6.2206907,0.490627,0.000020757354,145.2819,0.94216347,7.917177,4.6639733,0.115203425
2024-06-17,7.4559603,0.8585547,28.467312,603.93176,420.0335,66460.39,0.000023019968,0.4016365,14.526059,7.0021276,0.12888116,3510.3586,0.00018192966,21.579742,76.60945,0.58401084,5.1590266,1.936534,0.000011171637,6.0703053,0.5044345,0.00001929136,143.20198,0.89180815,7.7048264,4.3343678,0.116756834
2024-06-19,6.8286786,0.7938854,26.609453,588.35474,389.37195,65109.316,0.00002111971,0.38371584,13.948771,6.695033,0.122145705,3480.4714,0.00016807255,20.499163,72.56318,0.55670685,4.730084,1.8281739,0.00001100893,5.7666388,0.4906902,0.000018133924,137.463,0.800396,7.130911,4.0559998,0.11540811
2024-06-20,6.890376,0.81115645,26.851997,598.1824,388.30728,64907.074,0.000021051384,0.38328955,14.321972,6.8842697,0.12220949,3555.9658,0.00017130474,21.135254,73.666824,0.57567066,4.953841,1.9054304,0.000011360099,5.79045,0.49299634,0.000018072204,135.40309,0.86416817,6.9430814,4.072251,0.11580496
2024-06-21,6.913926,0.8007491,27.530973,586.90594,389.82477,64844.676,0.000021125847,0.38398096,14.252286,6.8383813,0.12439713,3511.285,0.0001754595,20.726334,74.69981,0.5730287,5.157589,1.8327767,0.0000109673765,5.6375995,0.48859096,0.000018047418,133.44257,0.89271843,7.140766,4.234258,0.11664302
2024-06-22,6.86048,0.80408365,25.609915,590.55963,392.1155,64239.902,0.000020629966,0.38469237,13.472742,6.7403293,0.12376435,3494.7986,0.00017025645,20.971088,74.52985,0.57098234,5.1728663,1.7897737,0.000011419333,5.745063,0.4862726,0.000017980123,133.48608,0.8902964,7.339588,4.2037325,0.119594134
2024-06-23,6.726664,0.7824073,25.049503,577.1123,381.1727,63221.355,0.000019944882,0.37972143,13.167018,6.673166,0.12206856,3417.797,0.00015801245,20.210783,73.432556,0.5606086,5.1827974,1.7051395,0.000010884663,5.6378517,0.4789595,0.000017494138,128.54028,0.8800875,7.500478,4.108995,0.119125724
2024-06-25,6.9465876,0.81860054,24.856264,568.2866,364.40955,60363.234,0.000021827786,0.3777483,13.624523,6.8312984,0.11914654,3357.1006,0.00016815458,22.701635,69.71854,0.5614522,5.382406,1.7696022,0.00001127564,5.7291627,0.47430965,0.000017096005,132.33778,0.8950638,7.5043583,4.1257215,0.11913812
2024-06-26,6.9513597,0.830639,25.406618,578.1017,388.59787,61770.414,0.000023195238,0.39188412,14.198303,6.9450283,0.12612158,3395.3047,0.00017796573,23.406858,71.36312,0.5675621,5.416039,1.7618741,0.0000128094525,5.8432875,0.47552675,0.000017736289,136.51375,0.87815124,7.493841,4.135715,0.121878244
2024-06-27,6.845245,0.8106724,25.80208,571.9654,373.43347,60749.895,0.00002187752,0.38461488,13.899255,6.787249,0.12261797,3365.9446,0.00016729608,22.913816,70.92977,0.5510723,5.169088,1.7822869,0.000012480033,5.7907853,0.4694183,0.000017108747,136.44151,0.82917583,7.6192136,4.0439177,0.12246289
2024-06-28,6.8500957,0.79414874,27.897556,566.7792,385.4482,60317.098,0.00002257322,0.38517568,13.76188,6.714937,0.12282279,3374.6052,0.00016350426,23.006542,72.776855,0.55217206,4.9574027,1.749765,0.000011535255,6.168201,0.4707581,0.000016952077,139.72595,0.7893133,7.479206,3.9254892,0.122975886
2024-06-29,6.8871026,0.77746034,27.701468,569.03796,380.3104,60864.44,0.000022302633,0.3832574,13.500418,6.587902,0.12163394,3371.2783,0.00016373205,22.759548,74.992065,0.5466733,4.9506707,1.7362922,0.000011291667,6.0687294,0.47167155,0.000016869948,139.8669,0.78050023,7.5769467,3.9259934,0.12529545
2024-07-01,7.064589,0.8009843,29.306805,581.77856,393.755,62734.395,0.000022552798,0.3920398,14.241782,6.717047,0.12442628,3435.3184,0.00017125958,23.481232,75.34022,0.5598403,5.3022804,1.7997081,0.000011834566,6.2071157,0.47544676,0.000017228656,146.4287,0.81887686,7.640818,4.149783,0.12458964
2024-07-02,7.0494223,0.7793498,28.817968,576.4582,384.05164,62819.824,0.000025527277,0.40275738,14.315796,6.8015666,0.12335625,3438.009,0.00017026947,22.5306,74.33208,0.5574704,5.2573886,1.7514839,0.000011412917,6.3363748,0.4764179,0.000017074562,146.34738,0.8074925,7.7279944,4.108055,0.12770863
2024-07-03,6.617162,0.7644198,26.491743,556.97974,373.13376,60244.68,0.000022450247,0.40652984,13.629794,6.3689237,0.11850148,3295.8083,0.00016264348,21.469334,71.96864,0.53085107,5.0341153,1.63628,0.000010237584,6.061595,0.4668313,0.000016387845,140.7242,0.77597994,7.8776264,3.8920965,0.12850429
2024-07-04,5.9893894,0.6811428,24.466066,513.9454,331.66885,57189.176,0.000020700094,0.36316097,12.589261,5.9989324,0.10484476,3069.0435,0.00014197454,19.846964,65.357185,0.49624354,4.635634,1.4424597,0.0000089277855,5.5617266,0.43371636,0.000014638348,127.934845,0.6729526,7.128643,3.5037398,0.12741375
2024-07-06,5.5564218,0.6231117,25.133696,498.62198,325.95233,56739.863,0.000021818061,0.34984106,12.305652,5.7077236,0.10583552,2984.3982,0.00013867774,18.931105,61.93683,0.46767652,4.415374,1.330445,0.000008889122,5.6704383,0.42539144,0.000014960393,134.41986,0.6433569,7.2139378,3.363493,0.1269719
2024-07-07,5.984859,0.69438916,27.419964,527.45667,342.85608,58230.484,0.000023229368,0.3710081,13.175362,6.0775204,0.11335917,3066.2476,0.00015207013,20.226295,65.42196,0.5065451,4.8149424,1.4857231,0.000009740899,6.2393026,0.44887066,0.000017370323,143.10109,0.69474995,7.592768,3.5488856,0.12992895
2024-07-08,5.58823,0.6512647,25.648941,489.8966,312.15298,55880.375,0.000021102673,0.34591025,12.334319,5.777428,0.104006864,2928.6013,0.0001357835,18.61998,61.916462,0.47680432,4.400623,1.3796718,0.000008386344,5.8970976,0.4191789,0.000015468175,131.85304,0.63911873,7.054885,3.3288212,0.12457311
2024-07-09,6.005127,0.7093012,26.412321,516.67004,330.9497,57988.305,0.000025815141,0.37528127,12.822301,5.9344783,0.10750704,3064.0923,0.00014407402,20.860054,65.31845,0.50095034,4.527307,1.6207002,0.000009077014,6.112781,0.43576828,0.000016358375,141.45706,0.74071455,7.2903013,3.5597088,0.12984899
2024-07-10,6.143659,0.7138141,25.775026,524.29346,340.7714,57704.203,0.000026396705,0.38891557,12.800746,6.02878,0.107944,3099.7102,0.00014931614,20.532454,66.93291,0.5128533,4.6249957,1.6771783,0.00000920201,6.0965395,0.43888322,0.000016395332,141.92265,0.73652935,7.223275,3.619253,0.13141575
2024-07-12,6.0455785,0.69419056,25.252335,525.4244,347.38696,57388.19,0.000023529306,0.3957454,12.357355,5.9363523,0.10666739,3102.0903,0.00014332177,19.620415,67.468605,0.4984433,4.929987,1.6606503,0.000008892444,5.9082165,0.44931477,0.000016227725,136.07413,0.75672936,7.3236732,3.4939282,0.134424
2024-07-13,6.0986905,0.69925165,25.946976,533.79694,368.4089,57899.29,0.000022516751,0.41608542,12.735788,6.151554,0.10760508,3132.981,0.00014046932,19.765295,69.259636,0.5067385,5.1809154,1.7091466,0.000008672505,6.0969224,0.47500366,0.000016472168,139.3622,0.74833596,7.3343835,3.6071892,0.13723229
2024-07-14,6.6439676,0.72236747,26.437098,544.9924,377.23404,60942.33,0.000024063269,0.432612,13.443057,6.232778,0.11566282,3252.6543,0.00015199621,21.583714,70.047806,0.53136617,5.4052567,1.8002313,0.0000092344,6.3313437,0.5234292,0.000017654946,147.95483,0.80635154,7.4417815,3.830027,0.13766949
2024-07-15,7.0011263,0.7747026,27.83653,586.50214,400.67157,64835.49,0.000026804255,0.44566235,14.42153,6.5035195,0.12522964,3488.5388,0.00018366888,23.100136,72.48999,0.5492258,5.924429,1.853954,0.000011386755,6.5044713,0.5376617,0.00001932828,159.92387,0.8482756,7.6382275,4.1778073,0.13746226
2024-07-17,7.064508,0.75218594,28.045013,577.0733,387.40344,65162.234,0.000028554252,0.43822104,14.231031,6.6147857,0.1250423,3446.7659,0.00018949636,24.873022,73.22257,0.5434916,6.2490735,1.7914845,0.000012369176,6.3458414,0.5787635,0.000019319023,160.78255,0.86883914,7.284636,4.103701,0.13406186
2024-07-18,7.061065,0.7469716,27.262367,568.66296,375.31467,64136.312,0.000026701257,0.43682438,13.74008,6.4914517,0.12181891,3389.4414,0.00017981621,25.640436,71.41005,0.5400182,6.0703363,1.8065495,0.0000116847095,6.2584076,0.62738514,0.000018614148,155.40161,0.8414894,7.1127014,4.2472606,0.13347557
2024-07-19,6.9737306,0.7480051,27.140362,571.97327,382.98938,63959.57,0.000026849439,0.42392647,13.593032,6.3146133,0.119466215,3428.552,0.00017395015,26.907694,71.57967,0.5164747,6.0338144,1.8243879,0.000011659142,6.0910134,0.56922877,0.000017392527,159.01459,0.81058264,7.2530346,4.530392,0.134226
2024-07-20,7.385447,0.7799128,29.138401,593.75836,395.56985,67206.06,0.000030978223,0.43786135,14.269688,6.526053,0.13453268,3522.8013,0.00020048997,27.593424,73.113,0.5418419,6.291402,1.9294087,0.000012243538,6.338198,0.59502995,0.000018133178,174.10165,0.8501681,7.270562,4.880999,0.13472706
2024-07-21,7.471706,0.80287683,32.61041,601.81726,400.36996,68088.14,0.000032540665,0.44643617,14.793842,6.5527263,0.14012079,3533.1184,0.00020568036,27.503767,74.05731,0.5482122,6.328219,1.9703512,0.0000124919015,6.4197297,0.598016,0.000018225694,184.45125,0.85947454,7.1804667,4.892289,0.13438876
2024-07-23,7.198612,0.76176554,31.933796,589.29266,385.81458,67607.71,0.000030064588,0.4263972,13.952619,6.2749734,0.13804993,3443.0732,0.00019359862,25.833014,71.28162,0.5308386,6.040529,1.8753814,0.000011895941,6.111947,0.6074322,0.000017584543,178.98088,0.83276653,6.9779654,4.6444697,0.13238949
2024-07-24,7.141136,0.80041707,29.874176,582.45294,366.56683,65942.414,0.000028310153,0.41028413,13.924358,6.1740623,0.1305554,3482.984,0.00018579044,24.118256,72.992256,0.53316146,5.769445,1.8766685,0.000012627075,5.92462,0.59819126,0.000017071088,173.03325,0.81519574,6.86355,4.676927,0.13406308
2024-07-25,6.811909,0.7402218,28.396187,574.41064,362.21484,65403.535,0.000027411046,0.40667522,13.379904,6.0350842,0.1280188,3336.3804,0.00017932004,23.883291,71.22266,0.5168919,5.60551,1.7367969,0.000012218761,5.7489276,0.61854535,0.000016797718,178.01894,0.7705173,6.8637023,4.53313,0.13436739
2024-07-26,6.9739113,0.7276907,28.691236,581.06885,377.4549,67920.3,0.00002856775,0.4176111,13.541424,6.159905,0.13434723,3278.187,0.00018091162,25.871601,71.33839,0.5147421,5.7289543,1.7364603,0.000012044016,5.8686275,0.6038044,0.000016977074,183.08447,0.7878982,6.720877,4.681586,0.13756028
2024-07-28,7.1412177,0.7225896,28.145258,582.16315,392.51562,68055.41,0.00002838949,0.4185182,13.579347,6.3464847,0.13207403,3254.6116,0.00017828519,25.428837,71.43345,0.51855695,5.684497,1.7517413,0.000011953217,5.8400836,0.5977719,0.000017075536,184.66861,0.7863833,6.6443777,4.627228,0.1372895
2024-07-29,6.8459826,0.7131577,27.40634,584.4215,416.50098,68242.25,0.000028053708,0.4074332,13.29455,6.225979,0.13000159,3272.85,0.00017290776,24.215923,71.16491,0.50862926,5.4459705,1.7027723,0.000011740894,5.7230086,0.6021781,0.000016796754,184.78836,0.7494119,6.626692,4.5424504,0.13870591
2024-07-30,6.7638993,0.7034824,27.130983,574.72125,439.6391,66770.32,0.000026945841,0.40390643,13.541216,6.099533,0.12836592,3316.9421,0.00017191826,24.245346,73.78041,0.5107629,5.271461,1.6740881,0.000011818116,5.643662,0.6013542,0.000016652328,182.54352,0.7399554,6.612615,4.709409,0.13745955
2024-07-31,6.41833,0.6578026,25.719893,576.7236,414.94745,64679.777,0.000024575564,0.38871387,12.828194,5.810816,0.12207732,3233.077,0.00016151476,21.998184,70.21039,0.49613106,4.9963007,1.5842046,0.000011055987,5.385245,0.624136,0.000015930724,171.97398,0.7073463,6.7586226,4.246537,0.12883224
2024-08-01,6.414478,0.65482193,25.708258,575.3955,413.44925,65357.53,0.00002493329,0.39226288,12.913349,5.8011923,0.11931984,3204.2466,0.00015796417,21.67435,69.51689,0.49172994,4.979406,1.5720857,0.000010587591,5.343944,0.59649485,0.000015802738,167.88783,0.6959466,6.747382,4.018312,0.12825483
2024-08-03,5.9997044,0.60215276,23.5656,542.9536,380.5137,61407.297,0.000022368982,0.36398217,11.897221,5.340181,0.11121029,2983.301,0.0001413099,19.71189,64.926216,0.46766302,4.5971384,1.4606448,0.000009302844,5.117755,0.5608212,0.000014648539,152.41069,0.6368368,6.1793594,3.7012835,0.12340295
2024-08-04,5.5881753,0.6063228,22.685562,529.82477,364.55878,60738.746,0.0000210392,0.3640012,11.6999235,5.133152,0.10827565,2906.715,0.00013092464,18.507746,64.55875,0.45499858,4.3683944,1.4246489,0.000008650599,5.046822,0.55612236,0.000014259966,143.12749,0.6111985,5.968159,3.4918294,0.12527949
2024-08-05,5.315245,0.5650384,21.19626,495.9643,331.2288,58006.207,0.00001977358,0.34343964,10.860103,5.0289774,0.103635974,2682.4375,0.00012160726,17.656378,62.269962,0.42012712,4.1285195,1.3287331,0.000008055317,4.67678,0.52300024,0.000013304287,137.55504,0.5744892,6.0036607,3.1969402,0.12610455
2024-08-06,5.1205363,0.5016339,20.85385,483.58148,314.3342,55959.84,0.000019809817,0.3302629,10.04457,4.892992,0.09630161,2455.5115,0.00012088629,15.989698,58.175426,0.40773678,3.666157,1.2732648,0.000007726115,4.5030723,0.5045866,0.00001344278,143.64342,0.6005973,5.7489085,3.1111517,0.12334324
2024-08-08,5.073907,0.48455122,19.852839,474.91516,312.40463,55099.953,0.000019111909,0.3237841,9.494531,4.837174,0.09564184,2341.5903,0.00011797468,14.909516,56.01646,0.3919419,3.5709686,1.197697,0.0000073781516,4.5672,0.6047118,0.000012861815,145.14246,0.61584,5.4373755,2.939726,0.1247069
2024-08-09,5.738226,0.5541279,22.730244,517.02,354.5727,61859.03,0.000021772184,0.35200444,10.741518,5.13907,0.10744393,2685.0127,0.0001326701,18.23098,61.31653,0.4320146,4.0693445,1.4191297,0.00000876468,4.877638,0.6180253,0.000014310273,163.04651,0.85795426,6.250905,3.3707213,0.12707536
2024-08-10,5.7486835,0.57606786,21.77536,508.50598,346.58325,60700.832,0.000020812182,0.34804022,10.553846,5.0881815,0.10382336,2602.184,0.00012891495,17.925364,60.526188,0.4215029,4.0537004,1.4112582,0.000008507496,4.77396,0.5818387,0.00001401711,155.7734,0.85594124,6.665984,3.2360296,0.12845331
