descr,bitcoin-cash,dogecoin,z,x_dif,y_dif,trade_pnl,date,cumulative_pnl
short,230.11996459960938,0.07476434856653214,1.0411032438278198,0.007587131146976923,-0.00017924575300154436,-0.005,2023-08-15,-0.005
,0.0,0.0,0.0,0.0,0.0,0.0,2023-08-16,-0.005
,0.0,0.0,0.0,0.0,0.0,0.0,2023-08-17,-0.005
close short,183.8004608154297,0.061057306826114655,-0.6941861510276794,-0.20128416004570476,-0.18333660365166835,0.017857818612066235,2023-08-18,0.012857818612066235
long,187.278076171875,0.06318900734186172,-1.3417071104049683,0.01892060194526658,0.03491311075704581,-0.005,2023-08-19,0.007857818612066234
,0.0,0.0,0.0,0.0,0.0,0.0,2023-08-20,0.007857818612066234
,0.0,0.0,0.0,0.0,0.0,0.0,2023-08-21,0.007857818612066234
,0.0,0.0,0.0,0.0,0.0,0.0,2023-08-22,0.007857818612066234
,0.0,0.0,0.0,0.0,0.0,0.0,2023-08-23,0.007857818612066234
close long,193.7212371826172,0.06382348388433456,0.4914851486682892,0.034404246041212845,0.010040932262794205,0.024241497209526546,2023-08-24,0.03209931582159278
short,194.44598388671875,0.06298434734344482,1.295292854309082,0.0037411835410609013,-0.013147770848900737,-0.005,2023-08-25,0.027099315821592782
,0.0,0.0,0.0,0.0,0.0,0.0,2023-08-26,0.027099315821592782
,0.0,0.0,0.0,0.0,0.0,0.0,2023-08-27,0.027099315821592782
,0.0,0.0,0.0,0.0,0.0,0.0,2023-08-28,0.027099315821592782
close short,190.28636169433594,0.06344910711050034,-0.4359757900238037,-0.021392173339029437,0.007378972501234975,0.02862729011106309,2023-08-29,0.05572660593265587
short,224.14666748046875,0.06632427871227264,3.1655728816986084,0.17794394450887596,0.045314610917455915,-0.005,2023-08-30,0.05072660593265587
,0.0,0.0,0.0,0.0,0.0,0.0,2023-08-31,0.05072660593265587
,0.0,0.0,0.0,0.0,0.0,0.0,2023-09-01,0.05072660593265587
,0.0,0.0,0.0,0.0,0.0,0.0,2023-09-02,0.05072660593265587
,0.0,0.0,0.0,0.0,0.0,0.0,2023-09-03,0.05072660593265587
,0.0,0.0,0.0,0.0,0.0,0.0,2023-09-04,0.05072660593265587
close short,193.642333984375,0.06322655826807022,-0.03616820648312569,-0.13609095258465878,-0.046705678589297965,0.08893834762538401,2023-09-05,0.13966495355803987
long,192.04478454589844,0.0639820471405983,-0.5969993472099304,-0.008250000945585942,0.01194891661388443,-0.005,2023-09-06,0.13466495355803987
,0.0,0.0,0.0,0.0,0.0,0.0,2023-09-07,0.13466495355803987
,0.0,0.0,0.0,0.0,0.0,0.0,2023-09-08,0.13466495355803987
,0.0,0.0,0.0,0.0,0.0,0.0,2023-09-09,0.13466495355803987
,0.0,0.0,0.0,0.0,0.0,0.0,2023-09-10,0.13466495355803987
close long,190.4068603515625,0.061319660395383835,0.44561338424682617,-0.008528865796636491,-0.04161146546880504,0.032917186673807705,2023-09-11,0.1675821402318476
short,198.979736328125,0.060979608446359634,1.9006223678588867,0.045023986849705704,-0.005545561518631627,-0.005,2023-09-12,0.16258214023184758
,0.0,0.0,0.0,0.0,0.0,0.0,2023-09-13,0.16258214023184758
,0.0,0.0,0.0,0.0,0.0,0.0,2023-09-14,0.16258214023184758
,0.0,0.0,0.0,0.0,0.0,0.0,2023-09-15,0.16258214023184758
,0.0,0.0,0.0,0.0,0.0,0.0,2023-09-16,0.16258214023184758
,0.0,0.0,0.0,0.0,0.0,0.0,2023-09-17,0.16258214023184758
,0.0,0.0,0.0,0.0,0.0,0.0,2023-09-18,0.16258214023184758
,0.0,0.0,0.0,0.0,0.0,0.0,2023-09-19,0.16258214023184758
,0.0,0.0,0.0,0.0,0.0,0.0,2023-09-20,0.16258214023184758
,0.0,0.0,0.0,0.0,0.0,0.0,2023-09-21,0.16258214023184758
,0.0,0.0,0.0,0.0,0.0,0.0,2023-09-22,0.16258214023184758
,0.0,0.0,0.0,0.0,0.0,0.0,2023-09-23,0.16258214023184758
,0.0,0.0,0.0,0.0,0.0,0.0,2023-09-24,0.16258214023184758
,0.0,0.0,0.0,0.0,0.0,0.0,2023-09-25,0.16258214023184758
,0.0,0.0,0.0,0.0,0.0,0.0,2023-09-26,0.16258214023184758
,0.0,0.0,0.0,0.0,0.0,0.0,2023-09-27,0.16258214023184758
,0.0,0.0,0.0,0.0,0.0,0.0,2023-09-28,0.16258214023184758
,0.0,0.0,0.0,0.0,0.0,0.0,2023-09-29,0.16258214023184758
,0.0,0.0,0.0,0.0,0.0,0.0,2023-09-30,0.16258214023184758
,0.0,0.0,0.0,0.0,0.0,0.0,2023-10-01,0.16258214023184758
,0.0,0.0,0.0,0.0,0.0,0.0,2023-10-02,0.16258214023184758
,0.0,0.0,0.0,0.0,0.0,0.0,2023-10-03,0.16258214023184758
,0.0,0.0,0.0,0.0,0.0,0.0,2023-10-04,0.16258214023184758
,0.0,0.0,0.0,0.0,0.0,0.0,2023-10-05,0.16258214023184758
,0.0,0.0,0.0,0.0,0.0,0.0,2023-10-06,0.16258214023184758
,0.0,0.0,0.0,0.0,0.0,0.0,2023-10-07,0.16258214023184758
,0.0,0.0,0.0,0.0,0.0,0.0,2023-10-08,0.16258214023184758
,0.0,0.0,0.0,0.0,0.0,0.0,2023-10-09,0.16258214023184758
,0.0,0.0,0.0,0.0,0.0,0.0,2023-10-10,0.16258214023184758
,0.0,0.0,0.0,0.0,0.0,0.0,2023-10-11,0.16258214023184758
,0.0,0.0,0.0,0.0,0.0,0.0,2023-10-12,0.16258214023184758
,0.0,0.0,0.0,0.0,0.0,0.0,2023-10-13,0.16258214023184758
,0.0,0.0,0.0,0.0,0.0,0.0,2023-10-14,0.16258214023184758
,0.0,0.0,0.0,0.0,0.0,0.0,2023-10-15,0.16258214023184758
,0.0,0.0,0.0,0.0,0.0,0.0,2023-10-16,0.16258214023184758
,0.0,0.0,0.0,0.0,0.0,0.0,2023-10-17,0.16258214023184758
,0.0,0.0,0.0,0.0,0.0,0.0,2023-10-18,0.16258214023184758
,0.0,0.0,0.0,0.0,0.0,0.0,2023-10-19,0.16258214023184758
,0.0,0.0,0.0,0.0,0.0,0.0,2023-10-20,0.16258214023184758
,0.0,0.0,0.0,0.0,0.0,0.0,2023-10-21,0.16258214023184758
,0.0,0.0,0.0,0.0,0.0,0.0,2023-10-22,0.16258214023184758
,0.0,0.0,0.0,0.0,0.0,0.0,2023-10-23,0.16258214023184758
,0.0,0.0,0.0,0.0,0.0,0.0,2023-10-24,0.16258214023184758
,0.0,0.0,0.0,0.0,0.0,0.0,2023-10-25,0.16258214023184758
,0.0,0.0,0.0,0.0,0.0,0.0,2023-10-26,0.16258214023184758
,0.0,0.0,0.0,0.0,0.0,0.0,2023-10-27,0.16258214023184758
,0.0,0.0,0.0,0.0,0.0,0.0,2023-10-28,0.16258214023184758
,0.0,0.0,0.0,0.0,0.0,0.0,2023-10-29,0.16258214023184758
,0.0,0.0,0.0,0.0,0.0,0.0,2023-10-30,0.16258214023184758
,0.0,0.0,0.0,0.0,0.0,0.0,2023-10-31,0.16258214023184758
,0.0,0.0,0.0,0.0,0.0,0.0,2023-11-01,0.16258214023184758
,0.0,0.0,0.0,0.0,0.0,0.0,2023-11-02,0.16258214023184758
,0.0,0.0,0.0,0.0,0.0,0.0,2023-11-03,0.16258214023184758
,0.0,0.0,0.0,0.0,0.0,0.0,2023-11-04,0.16258214023184758
,0.0,0.0,0.0,0.0,0.0,0.0,2023-11-05,0.16258214023184758
close short,238.50376892089844,0.07124068588018417,-0.2359863519668579,0.19863345545697594,0.16827063497547115,-0.03021100637909727,2023-11-06,0.13237113385275032
,0.0,0.0,0.0,0.0,0.0,0.0,2023-11-07,0.13237113385275032
long,246.02099609375,0.07555437833070755,-0.5167643427848816,0.03151827414242962,0.06055096743142452,-0.005,2023-11-08,0.1273711338527503
,0.0,0.0,0.0,0.0,0.0,0.0,2023-11-09,0.1273711338527503
,0.0,0.0,0.0,0.0,0.0,0.0,2023-11-10,0.1273711338527503
,0.0,0.0,0.0,0.0,0.0,0.0,2023-11-11,0.1273711338527503
,0.0,0.0,0.0,0.0,0.0,0.0,2023-11-12,0.1273711338527503
,0.0,0.0,0.0,0.0,0.0,0.0,2023-11-13,0.1273711338527503
,0.0,0.0,0.0,0.0,0.0,0.0,2023-11-14,0.1273711338527503
,0.0,0.0,0.0,0.0,0.0,0.0,2023-11-15,0.1273711338527503
,0.0,0.0,0.0,0.0,0.0,0.0,2023-11-16,0.1273711338527503
,0.0,0.0,0.0,0.0,0.0,0.0,2023-11-17,0.1273711338527503
,0.0,0.0,0.0,0.0,0.0,0.0,2023-11-18,0.1273711338527503
,0.0,0.0,0.0,0.0,0.0,0.0,2023-11-19,0.1273711338527503
,0.0,0.0,0.0,0.0,0.0,0.0,2023-11-20,0.1273711338527503
,0.0,0.0,0.0,0.0,0.0,0.0,2023-11-21,0.1273711338527503
,0.0,0.0,0.0,0.0,0.0,0.0,2023-11-22,0.1273711338527503
,0.0,0.0,0.0,0.0,0.0,0.0,2023-11-23,0.1273711338527503
,0.0,0.0,0.0,0.0,0.0,0.0,2023-11-24,0.1273711338527503
,0.0,0.0,0.0,0.0,0.0,0.0,2023-11-25,0.1273711338527503
,0.0,0.0,0.0,0.0,0.0,0.0,2023-11-26,0.1273711338527503
,0.0,0.0,0.0,0.0,0.0,0.0,2023-11-27,0.1273711338527503
,0.0,0.0,0.0,0.0,0.0,0.0,2023-11-28,0.1273711338527503
,0.0,0.0,0.0,0.0,0.0,0.0,2023-11-29,0.1273711338527503
,0.0,0.0,0.0,0.0,0.0,0.0,2023-11-30,0.1273711338527503
,0.0,0.0,0.0,0.0,0.0,0.0,2023-12-01,0.1273711338527503
,0.0,0.0,0.0,0.0,0.0,0.0,2023-12-02,0.1273711338527503
,0.0,0.0,0.0,0.0,0.0,0.0,2023-12-03,0.1273711338527503
,0.0,0.0,0.0,0.0,0.0,0.0,2023-12-04,0.1273711338527503
,0.0,0.0,0.0,0.0,0.0,0.0,2023-12-05,0.1273711338527503
,0.0,0.0,0.0,0.0,0.0,0.0,2023-12-06,0.1273711338527503
,0.0,0.0,0.0,0.0,0.0,0.0,2023-12-07,0.1273711338527503
,0.0,0.0,0.0,0.0,0.0,0.0,2023-12-08,0.1273711338527503
,0.0,0.0,0.0,0.0,0.0,0.0,2023-12-09,0.1273711338527503
,0.0,0.0,0.0,0.0,0.0,0.0,2023-12-10,0.1273711338527503
,0.0,0.0,0.0,0.0,0.0,0.0,2023-12-11,0.1273711338527503
,0.0,0.0,0.0,0.0,0.0,0.0,2023-12-12,0.1273711338527503
,0.0,0.0,0.0,0.0,0.0,0.0,2023-12-13,0.1273711338527503
,0.0,0.0,0.0,0.0,0.0,0.0,2023-12-14,0.1273711338527503
,0.0,0.0,0.0,0.0,0.0,0.0,2023-12-15,0.1273711338527503
,0.0,0.0,0.0,0.0,0.0,0.0,2023-12-16,0.1273711338527503
,0.0,0.0,0.0,0.0,0.0,0.0,2023-12-17,0.1273711338527503
,0.0,0.0,0.0,0.0,0.0,0.0,2023-12-18,0.1273711338527503
,0.0,0.0,0.0,0.0,0.0,0.0,2023-12-19,0.1273711338527503
,0.0,0.0,0.0,0.0,0.0,0.0,2023-12-20,0.1273711338527503
,0.0,0.0,0.0,0.0,0.0,0.0,2023-12-21,0.1273711338527503
,0.0,0.0,0.0,0.0,0.0,0.0,2023-12-22,0.1273711338527503
,0.0,0.0,0.0,0.0,0.0,0.0,2023-12-23,0.1273711338527503
,0.0,0.0,0.0,0.0,0.0,0.0,2023-12-24,0.1273711338527503
,0.0,0.0,0.0,0.0,0.0,0.0,2023-12-25,0.1273711338527503
,0.0,0.0,0.0,0.0,0.0,0.0,2023-12-26,0.1273711338527503
,0.0,0.0,0.0,0.0,0.0,0.0,2023-12-27,0.1273711338527503
,0.0,0.0,0.0,0.0,0.0,0.0,2023-12-28,0.1273711338527503
,0.0,0.0,0.0,0.0,0.0,0.0,2023-12-29,0.1273711338527503
,0.0,0.0,0.0,0.0,0.0,0.0,2023-12-30,0.1273711338527503
,0.0,0.0,0.0,0.0,0.0,0.0,2023-12-31,0.1273711338527503
,0.0,0.0,0.0,0.0,0.0,0.0,2024-01-01,0.1273711338527503
,0.0,0.0,0.0,0.0,0.0,0.0,2024-01-02,0.1273711338527503
,0.0,0.0,0.0,0.0,0.0,0.0,2024-01-03,0.1273711338527503
,0.0,0.0,0.0,0.0,0.0,0.0,2024-01-04,0.1273711338527503
,0.0,0.0,0.0,0.0,0.0,0.0,2024-01-05,0.1273711338527503
,0.0,0.0,0.0,0.0,0.0,0.0,2024-01-06,0.1273711338527503
,0.0,0.0,0.0,0.0,0.0,0.0,2024-01-07,0.1273711338527503
,0.0,0.0,0.0,0.0,0.0,0.0,2024-01-08,0.1273711338527503
,0.0,0.0,0.0,0.0,0.0,0.0,2024-01-09,0.1273711338527503
,0.0,0.0,0.0,0.0,0.0,0.0,2024-01-10,0.1273711338527503
,0.0,0.0,0.0,0.0,0.0,0.0,2024-01-11,0.1273711338527503
close long,276.1909484863281,0.08460340648889542,0.2565876543521881,0.12263161629132423,0.11976841525423645,0.0028488850319023343,2024-01-12,0.13022001888465265
,0.0,0.0,0.0,0.0,0.0,0.0,2024-01-13,0.13022001888465265
,0.0,0.0,0.0,0.0,0.0,0.0,2024-01-14,0.13022001888465265
,0.0,0.0,0.0,0.0,0.0,0.0,2024-01-15,0.13022001888465265
,0.0,0.0,0.0,0.0,0.0,0.0,2024-01-16,0.13022001888465265
,0.0,0.0,0.0,0.0,0.0,0.0,2024-01-17,0.13022001888465265
,0.0,0.0,0.0,0.0,0.0,0.0,2024-01-18,0.13022001888465265
,0.0,0.0,0.0,0.0,0.0,0.0,2024-01-19,0.13022001888465265
,0.0,0.0,0.0,0.0,0.0,0.0,2024-01-20,0.13022001888465265
long,238.80569458007812,0.08768447488546371,-1.0120097398757935,-0.13536017060349329,0.03641778179431466,-0.005,2024-01-21,0.12522001888465265
,0.0,0.0,0.0,0.0,0.0,0.0,2024-01-22,0.12522001888465265
,0.0,0.0,0.0,0.0,0.0,0.0,2024-01-23,0.12522001888465265
,0.0,0.0,0.0,0.0,0.0,0.0,2024-01-24,0.12522001888465265
,0.0,0.0,0.0,0.0,0.0,0.0,2024-01-25,0.12522001888465265
,0.0,0.0,0.0,0.0,0.0,0.0,2024-01-26,0.12522001888465265
,0.0,0.0,0.0,0.0,0.0,0.0,2024-01-27,0.12522001888465265
,0.0,0.0,0.0,0.0,0.0,0.0,2024-01-28,0.12522001888465265
,0.0,0.0,0.0,0.0,0.0,0.0,2024-01-29,0.12522001888465265
,0.0,0.0,0.0,0.0,0.0,0.0,2024-01-30,0.12522001888465265
,0.0,0.0,0.0,0.0,0.0,0.0,2024-01-31,0.12522001888465265
,0.0,0.0,0.0,0.0,0.0,0.0,2024-02-01,0.12522001888465265
,0.0,0.0,0.0,0.0,0.0,0.0,2024-02-02,0.12522001888465265
,0.0,0.0,0.0,0.0,0.0,0.0,2024-02-03,0.12522001888465265
,0.0,0.0,0.0,0.0,0.0,0.0,2024-02-04,0.12522001888465265
,0.0,0.0,0.0,0.0,0.0,0.0,2024-02-05,0.12522001888465265
,0.0,0.0,0.0,0.0,0.0,0.0,2024-02-06,0.12522001888465265
,0.0,0.0,0.0,0.0,0.0,0.0,2024-02-07,0.12522001888465265
,0.0,0.0,0.0,0.0,0.0,0.0,2024-02-08,0.12522001888465265
,0.0,0.0,0.0,0.0,0.0,0.0,2024-02-09,0.12522001888465265
,0.0,0.0,0.0,0.0,0.0,0.0,2024-02-10,0.12522001888465265
,0.0,0.0,0.0,0.0,0.0,0.0,2024-02-11,0.12522001888465265
close long,276.3491516113281,0.08109341561794281,0.6938534379005432,0.15721340773413026,-0.07516791628313174,0.2312194173971757,2024-02-12,0.35643943628182834
short,281.1076965332031,0.08236975222826004,0.7028843760490417,0.017219321623131546,0.015739090536406347,-0.005,2024-02-13,0.35143943628182833
,0.0,0.0,0.0,0.0,0.0,0.0,2024-02-14,0.35143943628182833
,0.0,0.0,0.0,0.0,0.0,0.0,2024-02-15,0.35143943628182833
,0.0,0.0,0.0,0.0,0.0,0.0,2024-02-16,0.35143943628182833
,0.0,0.0,0.0,0.0,0.0,0.0,2024-02-17,0.35143943628182833
,0.0,0.0,0.0,0.0,0.0,0.0,2024-02-18,0.35143943628182833
,0.0,0.0,0.0,0.0,0.0,0.0,2024-02-19,0.35143943628182833
close short,272.878173828125,0.08937105536460876,-0.21093203127384186,-0.02927533755414659,0.08499847270326819,0.1137024412061277,2024-02-20,0.46514187748795605
,0.0,0.0,0.0,0.0,0.0,0.0,2024-02-21,0.46514187748795605
,0.0,0.0,0.0,0.0,0.0,0.0,2024-02-22,0.46514187748795605
,0.0,0.0,0.0,0.0,0.0,0.0,2024-02-23,0.46514187748795605
,0.0,0.0,0.0,0.0,0.0,0.0,2024-02-24,0.46514187748795605
,0.0,0.0,0.0,0.0,0.0,0.0,2024-02-25,0.46514187748795605
,0.0,0.0,0.0,0.0,0.0,0.0,2024-02-26,0.46514187748795605
,0.0,0.0,0.0,0.0,0.0,0.0,2024-02-27,0.46514187748795605
,0.0,0.0,0.0,0.0,0.0,0.0,2024-02-28,0.46514187748795605
long,297.2310485839844,0.11662989109754562,-1.5119653940200806,0.0892444947656322,0.3050074279835734,-0.005,2024-02-29,0.46014187748795604
,0.0,0.0,0.0,0.0,0.0,0.0,2024-03-01,0.46014187748795604
,0.0,0.0,0.0,0.0,0.0,0.0,2024-03-02,0.46014187748795604
,0.0,0.0,0.0,0.0,0.0,0.0,2024-03-03,0.46014187748795604
,0.0,0.0,0.0,0.0,0.0,0.0,2024-03-04,0.46014187748795604
,0.0,0.0,0.0,0.0,0.0,0.0,2024-03-05,0.46014187748795604
,0.0,0.0,0.0,0.0,0.0,0.0,2024-03-06,0.46014187748795604
,0.0,0.0,0.0,0.0,0.0,0.0,2024-03-07,0.46014187748795604
,0.0,0.0,0.0,0.0,0.0,0.0,2024-03-08,0.46014187748795604
,0.0,0.0,0.0,0.0,0.0,0.0,2024-03-09,0.46014187748795604
,0.0,0.0,0.0,0.0,0.0,0.0,2024-03-10,0.46014187748795604
,0.0,0.0,0.0,0.0,0.0,0.0,2024-03-11,0.46014187748795604
,0.0,0.0,0.0,0.0,0.0,0.0,2024-03-12,0.46014187748795604
,0.0,0.0,0.0,0.0,0.0,0.0,2024-03-13,0.46014187748795604
,0.0,0.0,0.0,0.0,0.0,0.0,2024-03-14,0.46014187748795604
,0.0,0.0,0.0,0.0,0.0,0.0,2024-03-15,0.46014187748795604
,0.0,0.0,0.0,0.0,0.0,0.0,2024-03-16,0.46014187748795604
,0.0,0.0,0.0,0.0,0.0,0.0,2024-03-17,0.46014187748795604
,0.0,0.0,0.0,0.0,0.0,0.0,2024-03-18,0.46014187748795604
,0.0,0.0,0.0,0.0,0.0,0.0,2024-03-19,0.46014187748795604
,0.0,0.0,0.0,0.0,0.0,0.0,2024-03-20,0.46014187748795604
,0.0,0.0,0.0,0.0,0.0,0.0,2024-03-21,0.46014187748795604
,0.0,0.0,0.0,0.0,0.0,0.0,2024-03-22,0.46014187748795604
,0.0,0.0,0.0,0.0,0.0,0.0,2024-03-23,0.46014187748795604
,0.0,0.0,0.0,0.0,0.0,0.0,2024-03-24,0.46014187748795604
,0.0,0.0,0.0,0.0,0.0,0.0,2024-03-25,0.46014187748795604
,0.0,0.0,0.0,0.0,0.0,0.0,2024-03-26,0.46014187748795604
,0.0,0.0,0.0,0.0,0.0,0.0,2024-03-27,0.46014187748795604
,0.0,0.0,0.0,0.0,0.0,0.0,2024-03-28,0.46014187748795604
,0.0,0.0,0.0,0.0,0.0,0.0,2024-03-29,0.46014187748795604
,0.0,0.0,0.0,0.0,0.0,0.0,2024-03-30,0.46014187748795604
close long,680.344482421875,0.22025495767593384,0.05511314794421196,1.288941500772049,0.8884949270142027,0.39844434088905706,2024-03-31,0.8585862183770131
,0.0,0.0,0.0,0.0,0.0,0.0,2024-04-01,0.8585862183770131
,0.0,0.0,0.0,0.0,0.0,0.0,2024-04-02,0.8585862183770131
short,638.88037109375,0.18253536522388458,1.0843079090118408,-0.060945759684155866,-0.17125422669280824,-0.005,2024-04-03,0.8535862183770131
,0.0,0.0,0.0,0.0,0.0,0.0,2024-04-04,0.8535862183770131
,0.0,0.0,0.0,0.0,0.0,0.0,2024-04-05,0.8535862183770131
,0.0,0.0,0.0,0.0,0.0,0.0,2024-04-06,0.8535862183770131
,0.0,0.0,0.0,0.0,0.0,0.0,2024-04-07,0.8535862183770131
,0.0,0.0,0.0,0.0,0.0,0.0,2024-04-08,0.8535862183770131
,0.0,0.0,0.0,0.0,0.0,0.0,2024-04-09,0.8535862183770131
,0.0,0.0,0.0,0.0,0.0,0.0,2024-04-10,0.8535862183770131
,0.0,0.0,0.0,0.0,0.0,0.0,2024-04-11,0.8535862183770131
close short,534.5838623046875,0.17480331659317017,-0.0644577145576477,-0.1632488858759411,-0.042359181308404804,0.12028525604469863,2024-04-12,0.9738714744217117
,0.0,0.0,0.0,0.0,0.0,0.0,2024-04-13,0.9738714744217117
,0.0,0.0,0.0,0.0,0.0,0.0,2024-04-14,0.9738714744217117
,0.0,0.0,0.0,0.0,0.0,0.0,2024-04-15,0.9738714744217117
,0.0,0.0,0.0,0.0,0.0,0.0,2024-04-16,0.9738714744217117
,0.0,0.0,0.0,0.0,0.0,0.0,2024-04-17,0.9738714744217117
,0.0,0.0,0.0,0.0,0.0,0.0,2024-04-18,0.9738714744217117
,0.0,0.0,0.0,0.0,0.0,0.0,2024-04-19,0.9738714744217117
,0.0,0.0,0.0,0.0,0.0,0.0,2024-04-20,0.9738714744217117
,0.0,0.0,0.0,0.0,0.0,0.0,2024-04-21,0.9738714744217117
,0.0,0.0,0.0,0.0,0.0,0.0,2024-04-22,0.9738714744217117
,0.0,0.0,0.0,0.0,0.0,0.0,2024-04-23,0.9738714744217117
,0.0,0.0,0.0,0.0,0.0,0.0,2024-04-24,0.9738714744217117
,0.0,0.0,0.0,0.0,0.0,0.0,2024-04-25,0.9738714744217117
,0.0,0.0,0.0,0.0,0.0,0.0,2024-04-26,0.9738714744217117
,0.0,0.0,0.0,0.0,0.0,0.0,2024-04-27,0.9738714744217117
,0.0,0.0,0.0,0.0,0.0,0.0,2024-04-28,0.9738714744217117
,0.0,0.0,0.0,0.0,0.0,0.0,2024-04-29,0.9738714744217117
,0.0,0.0,0.0,0.0,0.0,0.0,2024-04-30,0.9738714744217117
,0.0,0.0,0.0,0.0,0.0,0.0,2024-05-01,0.9738714744217117
,0.0,0.0,0.0,0.0,0.0,0.0,2024-05-02,0.9738714744217117
,0.0,0.0,0.0,0.0,0.0,0.0,2024-05-03,0.9738714744217117
long,463.0556945800781,0.15995477139949799,-0.5119256973266602,-0.1338015843131488,-0.08494429901596236,-0.005,2024-05-04,0.9688714744217117
,0.0,0.0,0.0,0.0,0.0,0.0,2024-05-05,0.9688714744217117
,0.0,0.0,0.0,0.0,0.0,0.0,2024-05-06,0.9688714744217117
,0.0,0.0,0.0,0.0,0.0,0.0,2024-05-07,0.9688714744217117
close long,471.28857421875,0.15025554597377777,0.12294559180736542,0.017779458788727043,-0.06063729978704878,0.07802467478289694,2024-05-08,1.0468961492046087
,0.0,0.0,0.0,0.0,0.0,0.0,2024-05-09,1.0468961492046087
,0.0,0.0,0.0,0.0,0.0,0.0,2024-05-10,1.0468961492046087
,0.0,0.0,0.0,0.0,0.0,0.0,2024-05-11,1.0468961492046087
,0.0,0.0,0.0,0.0,0.0,0.0,2024-05-12,1.0468961492046087
,0.0,0.0,0.0,0.0,0.0,0.0,2024-05-13,1.0468961492046087
,0.0,0.0,0.0,0.0,0.0,0.0,2024-05-14,1.0468961492046087
,0.0,0.0,0.0,0.0,0.0,0.0,2024-05-15,1.0468961492046087
,0.0,0.0,0.0,0.0,0.0,0.0,2024-05-16,1.0468961492046087
,0.0,0.0,0.0,0.0,0.0,0.0,2024-05-17,1.0468961492046087
,0.0,0.0,0.0,0.0,0.0,0.0,2024-05-18,1.0468961492046087
,0.0,0.0,0.0,0.0,0.0,0.0,2024-05-19,1.0468961492046087
,0.0,0.0,0.0,0.0,0.0,0.0,2024-05-20,1.0468961492046087
,0.0,0.0,0.0,0.0,0.0,0.0,2024-05-21,1.0468961492046087
,0.0,0.0,0.0,0.0,0.0,0.0,2024-05-22,1.0468961492046087
,0.0,0.0,0.0,0.0,0.0,0.0,2024-05-23,1.0468961492046087
,0.0,0.0,0.0,0.0,0.0,0.0,2024-05-24,1.0468961492046087
long,493.3718566894531,0.172899067401886,-0.6262672543525696,0.046857241356445666,0.1507000708783149,-0.005,2024-05-25,1.0418961492046088
,0.0,0.0,0.0,0.0,0.0,0.0,2024-05-26,1.0418961492046088
,0.0,0.0,0.0,0.0,0.0,0.0,2024-05-27,1.0418961492046088
,0.0,0.0,0.0,0.0,0.0,0.0,2024-05-28,1.0418961492046088
,0.0,0.0,0.0,0.0,0.0,0.0,2024-05-29,1.0418961492046088
,0.0,0.0,0.0,0.0,0.0,0.0,2024-05-30,1.0418961492046088
,0.0,0.0,0.0,0.0,0.0,0.0,2024-05-31,1.0418961492046088
,0.0,0.0,0.0,0.0,0.0,0.0,2024-06-01,1.0418961492046088
,0.0,0.0,0.0,0.0,0.0,0.0,2024-06-02,1.0418961492046088
,0.0,0.0,0.0,0.0,0.0,0.0,2024-06-03,1.0418961492046088
,0.0,0.0,0.0,0.0,0.0,0.0,2024-06-04,1.0418961492046088
,0.0,0.0,0.0,0.0,0.0,0.0,2024-06-05,1.0418961492046088
close long,495.6004943847656,0.16016794741153717,0.043588485568761826,0.004517156106687473,-0.07363324847066205,0.07775965255446278,2024-06-06,1.1196558017590716
,0.0,0.0,0.0,0.0,0.0,0.0,2024-06-07,1.1196558017590716
,0.0,0.0,0.0,0.0,0.0,0.0,2024-06-08,1.1196558017590716
,0.0,0.0,0.0,0.0,0.0,0.0,2024-06-09,1.1196558017590716
,0.0,0.0,0.0,0.0,0.0,0.0,2024-06-10,1.1196558017590716
,0.0,0.0,0.0,0.0,0.0,0.0,2024-06-11,1.1196558017590716
,0.0,0.0,0.0,0.0,0.0,0.0,2024-06-12,1.1196558017590716
,0.0,0.0,0.0,0.0,0.0,0.0,2024-06-13,1.1196558017590716
,0.0,0.0,0.0,0.0,0.0,0.0,2024-06-14,1.1196558017590716
,0.0,0.0,0.0,0.0,0.0,0.0,2024-06-15,1.1196558017590716
,0.0,0.0,0.0,0.0,0.0,0.0,2024-06-16,1.1196558017590716
,0.0,0.0,0.0,0.0,0.0,0.0,2024-06-17,1.1196558017590716
,0.0,0.0,0.0,0.0,0.0,0.0,2024-06-18,1.1196558017590716
,0.0,0.0,0.0,0.0,0.0,0.0,2024-06-19,1.1196558017590716
,0.0,0.0,0.0,0.0,0.0,0.0,2024-06-20,1.1196558017590716
,0.0,0.0,0.0,0.0,0.0,0.0,2024-06-21,1.1196558017590716
,0.0,0.0,0.0,0.0,0.0,0.0,2024-06-22,1.1196558017590716
,0.0,0.0,0.0,0.0,0.0,0.0,2024-06-23,1.1196558017590716
,0.0,0.0,0.0,0.0,0.0,0.0,2024-06-24,1.1196558017590716
,0.0,0.0,0.0,0.0,0.0,0.0,2024-06-25,1.1196558017590716
,0.0,0.0,0.0,0.0,0.0,0.0,2024-06-26,1.1196558017590716
,0.0,0.0,0.0,0.0,0.0,0.0,2024-06-27,1.1196558017590716
,0.0,0.0,0.0,0.0,0.0,0.0,2024-06-28,1.1196558017590716
,0.0,0.0,0.0,0.0,0.0,0.0,2024-06-29,1.1196558017590716
,0.0,0.0,0.0,0.0,0.0,0.0,2024-06-30,1.1196558017590716
,0.0,0.0,0.0,0.0,0.0,0.0,2024-07-01,1.1196558017590716
,0.0,0.0,0.0,0.0,0.0,0.0,2024-07-02,1.1196558017590716
,0.0,0.0,0.0,0.0,0.0,0.0,2024-07-03,1.1196558017590716
,0.0,0.0,0.0,0.0,0.0,0.0,2024-07-04,1.1196558017590716
,0.0,0.0,0.0,0.0,0.0,0.0,2024-07-05,1.1196558017590716
,0.0,0.0,0.0,0.0,0.0,0.0,2024-07-06,1.1196558017590716
,0.0,0.0,0.0,0.0,0.0,0.0,2024-07-07,1.1196558017590716
,0.0,0.0,0.0,0.0,0.0,0.0,2024-07-08,1.1196558017590716
,0.0,0.0,0.0,0.0,0.0,0.0,2024-07-09,1.1196558017590716
,0.0,0.0,0.0,0.0,0.0,0.0,2024-07-10,1.1196558017590716
,0.0,0.0,0.0,0.0,0.0,0.0,2024-07-11,1.1196558017590716
,0.0,0.0,0.0,0.0,0.0,0.0,2024-07-12,1.1196558017590716
short,368.4089050292969,0.10760507732629776,0.9783930778503418,-0.2566413689989622,-0.3281734637591617,-0.005,2024-07-13,1.1146558017590718
,0.0,0.0,0.0,0.0,0.0,0.0,2024-07-14,1.1146558017590718
,0.0,0.0,0.0,0.0,0.0,0.0,2024-07-15,1.1146558017590718
,0.0,0.0,0.0,0.0,0.0,0.0,2024-07-16,1.1146558017590718
,0.0,0.0,0.0,0.0,0.0,0.0,2024-07-17,1.1146558017590718
close short,375.3146667480469,0.121818907558918,-0.017909375950694084,0.01874482843513469,0.13209256092552893,0.11278099382794227,2024-07-18,1.227436795587014
,0.0,0.0,0.0,0.0,0.0,0.0,2024-07-19,1.227436795587014
,0.0,0.0,0.0,0.0,0.0,0.0,2024-07-20,1.227436795587014
long,400.3699645996094,0.14012078940868378,-0.6699997186660767,0.06675811011772267,0.15023843356101374,-0.005,2024-07-21,1.2224367955870141
,0.0,0.0,0.0,0.0,0.0,0.0,2024-07-22,1.2224367955870141
,0.0,0.0,0.0,0.0,0.0,0.0,2024-07-23,1.2224367955870141
,0.0,0.0,0.0,0.0,0.0,0.0,2024-07-24,1.2224367955870141
,0.0,0.0,0.0,0.0,0.0,0.0,2024-07-25,1.2224367955870141
,0.0,0.0,0.0,0.0,0.0,0.0,2024-07-26,1.2224367955870141
,0.0,0.0,0.0,0.0,0.0,0.0,2024-07-27,1.2224367955870141
,0.0,0.0,0.0,0.0,0.0,0.0,2024-07-28,1.2224367955870141
close long,416.5009765625,0.13000158965587616,0.35756775736808777,0.04029026497784985,-0.07221769014798667,0.11194541535020733,2024-07-29,1.3343822109372214
short,439.63909912109375,0.1283659189939499,1.004959225654602,0.05555358537105771,-0.01258192816146334,-0.005,2024-07-30,1.3293822109372215
,0.0,0.0,0.0,0.0,0.0,0.0,2024-07-31,1.3293822109372215
,0.0,0.0,0.0,0.0,0.0,0.0,2024-08-01,1.3293822109372215
,0.0,0.0,0.0,0.0,0.0,0.0,2024-08-02,1.3293822109372215
,0.0,0.0,0.0,0.0,0.0,0.0,2024-08-03,1.3293822109372215
,0.0,0.0,0.0,0.0,0.0,0.0,2024-08-04,1.3293822109372215
,0.0,0.0,0.0,0.0,0.0,0.0,2024-08-05,1.3293822109372215
,0.0,0.0,0.0,0.0,0.0,0.0,2024-08-06,1.3293822109372215
,0.0,0.0,0.0,0.0,0.0,0.0,2024-08-07,1.3293822109372215
,0.0,0.0,0.0,0.0,0.0,0.0,2024-08-08,1.3293822109372215
,0.0,0.0,0.0,0.0,0.0,0.0,2024-08-09,1.3293822109372215
close short,346.583251953125,0.10382335633039474,0.7320353984832764,-0.21166417489709563,-0.19119220160541117,0.020369613425226037,2024-08-10,1.3497518243624476
